Workbook

Sheet Embodied Carbon Factors
A1: material/component | B1: region | C1: unit | D1: kg CO2e/unit | E1: st dev | F1: source | G1: modules | H1: notes | I1: electricity share | J1: thermal energy share
A2: Ready-mix concrete | B2: Europe | C2: m3 | D2: 271 | E2: 52.574 | F2: EC3 | G2: A1-A3 | H2: 2400 kg/m3 | I2: 0.1 | J2: 0.65
A3: Steel rebars | B3: Europe | C3: kg | D3: 0.869 | E3: 0.5677 | F3: EC3 | G3: A1-A3 | H3: - | I3: 0.1 | J3: 0.8
A4: Hot-rolled steel sections | B4: Europe | C4: kg | D4: 0.69332 | E4: 0.25037 | F4: EC3 | G4: A1-A3 | H4: - | I4: 0.1 | J4: 0.8
A5: Cold-formed steel sections | B5: Europe | C5: kg | D5: 2.52 | E5: 0.55 | F5: EC3 | G5: A1-A3 | H5: - | I5: 0.1 | J5: 0.8
A6: Steel decking | B6: Europe | C6: kg | D6: 2.99 | E6: 0.58903 | F6: EC3 | G6: A1-A3 | H6: - | I6: 0.1 | J6: 0.8
A7: Mass timber | B7: Europe | C7: m3 | D7: 162 | E7: 108.378 | F7: EC3 | G7: A1-A3 | H7: 640 kg/m3 | I7: 0.45 | J7: 0.3
A8: Nonstructural wood | B8: Europe | C8: m3 | D8: 175 | E8: 71.9 | F8: EC3 | G8: A1-A3 | H8: - | I8: 0.45 | J8: 0.3
A9: Hollow clay bricks | B9: Europe | C9: kg | D9: 0.2 | E9: 0.06766 | F9: Asdrubali et al. (2023) | G9: A1-A3 | H9: 400-1604 kg/m3 | I9: 0.1 | J9: 0.8
A10: Solid clay bricks | B10: Europe | C10: kg | D10: 0.2 | E10: 0.07517 | F10: Asdrubali et al. (2023) | G10: A1-A3 | H10: 600-2300 kg/m3 | I10: 0.1 | J10: 0.8
A11: Hollow concrete blocks | B11: Europe | C11: kg | D11: 0.23 | E11: 0.0996 | F11: Asdrubali et al. (2023) | G11: A1-A3 | H11: 115-2245kg/m3 | I11: 0.1 | J11: 0.65
A12: Solid concrete blocks | B12: =B11 -> Europe | C12: =C11 -> kg | D12: =D11 -> 0.23 | E12: =E11 -> 0.0996 | F12: =F11 -> Asdrubali et al. (2023) | G12: =G11 -> A1-A3 | H12: =H11 -> 115-2245kg/m3 | I12: 0.1 | J12: 0.65
A13: Sandstone bricks | B13: Europe | C13: kg | D13: 0.13 | E13: 0.0748 | F13: Asdrubali et al. (2023) | G13: A1-A3 | H13: 1450-2570 kg/m3 | I13: 0.05 | J13: 0.15
A14: Granite | B14: United Kingdom | C14: kg | D14: 0.093 | E14: 0 | F14: Crishna et al. (2011) | G14: A1-A3 | H14: 2700 kg/m3 | I14: 0.05 | J14: 0.15
A15: Adobe bricks | B15: Cyprus | C15: kg | D15: 0.0017 | E15: 0 | F15: Christoforou et al. (2016) | G15: A1-A4 | H15: Scenario 4 (on the building site using locally available soil and transported sawdust (50 km)) 0.0017 kg/kg, assuming sawdust with density equal to 1,500 kg/m3. | I15: 0.05 | J15: 0.15
A16: Rammed earth | B16: Portugal | C16: kg | D16: ='EU-Earthen materials'!J12 -> 0.024385 | E16: ='EU-Earthen materials'!J13 -> 0.00086974134 | F16: Manual collection | G16: A1-A5 | H16: 2000 kg/m3 | I16: 0.05 | J16: 0.15
A17: Compressed earth blocks | B17: Portugal | C17: kg | D17: ='EU-Earthen materials'!J3 -> 0.059100529 | E17: ='EU-Earthen materials'!J4 -> 0.0045848935 | F17: Manual collection | G17: A1-A3 | H17: 2000 kg/m3 | I17: 0.05 | J17: 0.15
A18: Aluminum window frame, double glazing | B18: Europe | C18: m2 | D18: 105 | E18: 21.15 | F18: Asdrubali et al. (2021) | G18: A1-A3 | H18: Average value | I18: =0.4*0.6+0.6*0.35 -> 0.45 | J18: =0.4*0.25+0.6*0.55 -> 0.43
A19: Aluminum window frame, triple glazing | B19: Europe | C19: m2 | D19: 141.9 | E19: 57.61 | F19: Asdrubali et al. (2021) | G19: A1-A3 | H19: Average value | I19: =0.4*0.6+0.6*0.35 -> 0.45 | J19: =0.4*0.25+0.6*0.55 -> 0.43
A20: Wooden window frame, double glazing | B20: Europe | C20: m2 | D20: 55 | E20: 25.495 | F20: Asdrubali et al. (2021) | G20: A1-A3 | H20: Average value | I20: =0.4*0.45+0.6*0.35 -> 0.39 | J20: =0.4*0.3+0.6*0.55 -> 0.45
A21: Wooden window frame, triple glazing | B21: Europe | C21: m2 | D21: 53.6 | E21: 20.28 | F21: Asdrubali et al. (2021) | G21: A1-A3 | H21: Average value | I21: =0.4*0.45+0.6*0.35 -> 0.39 | J21: =0.4*0.3+0.6*0.55 -> 0.45
A22: PVC window frame, double glazing | B22: Europe | C22: m2 | D22: 68.4 | E22: 14.44 | F22: Asdrubali et al. (2021) | G22: A1-A3 | H22: Average value | I22: =0.4*0.25+0.6*0.35 -> 0.31 | J22: =0.4*0.5+0.6*0.55 -> 0.53
A23: PVC window frame, triple glazing | B23: Europe | C23: m2 | D23: 100.5 | E23: 48.05 | F23: Asdrubali et al. (2021) | G23: A1-A3 | H23: Average value | I23: =0.4*0.25+0.6*0.35 -> 0.31 | J23: =0.4*0.5+0.6*0.55 -> 0.53
A24: Steel window frame, double glazing | B24: Europe | C24: m2 | D24: 127.3 | E24: 35.567 | F24: Asdrubali et al. (2021) | G24: A1-A3 | H24: Average value | I24: =0.4*0.1+0.6*0.35 -> 0.25 | J24: 0.8
A25: Steel window frame, triple glazing | B25: Europe | C25: m2 | D25: 168.8 | E25: 76.42 | F25: Asdrubali et al. (2021) | G25: A1-A3 | H25: Average value | I25: =0.4*0.1+0.6*0.35 -> 0.25 | J25: 0.8
A26: Ceramic tiles | B26: Europe | C26: m2 | D26: 12.1 | E26: 4.05 | F26: EC3 | G26: A1-A3 | H26: 18 kg/m2 | I26: 0.1 | J26: 0.8
A27: Gypsum boards | B27: Europe | C27: m2 | D27: 2.24 | E27: 1.29 | F27: EC3 | G27: A1-A3 | H27: 20 kg/m2 | I27: 0.2 | J27: 0.6
A28: Mineral wool | B28: Europe | C28: m2 | D28: 3.51 | E28: 2.21 | F28: EC3 | G28: A1-A3 | H28: 80 kg/m3 | I28: 0.4 | J28: 0.5
A29: Cement | B29: Europe | C29: ton | D29: 789 | E29: 143 | F29: EC3 | G29: A1-A3 | H29: - | I29: 0.15 | J29: 0.75
A30: Sand | B30: Europe | C30: ton | D30: 63.32 | E30: 19.62 | F30: ICE | G30: A1-A3 | H30: - | I30: 0.05 | J30: 0.1
A31: Marble | B31: Europe | C31: kg | D31: 0.13 | E31: 0 | F31: ICE | G31: A1-A3 | H31: - | I31: 0.35 | J31: 0.55
A32: Bituminous roof membrane | B32: Europe | C32: m2 | D32: 5.32 | E32: 2.99 | F32: EC3 | G32: A1-A3 | H32: 5 kg/m2 | I32: 0.2 | J32: 0.7
A33: Metal ceilings (lay in tile) | B33: Europe | C33: m2 | D33: ='EU-Lay in tile ceilings'!L3 -> 20.108447 | E33: ='EU-Lay in tile ceilings'!L4 -> 7.0161267 | F33: Manual collection | G33: A1-A3 | H33: 8 kg/m2 | I33: 0.1 | J33: 0.8
A34: Raised access floor | B34: Europe | C34: m2 | D34: ='EU-Raised access floors'!L3 -> 21.6 | E34: ='EU-Raised access floors'!L4 -> 12.727922 | F34: Manual collection | G34: A1-A3 | H34: 8 kg/m2 | I34: 0.1 | J34: 0.8
A35: Plastic pipes | B35: Europe | C35: kg | D35: ='EU-Piping'!M3 -> 2.7279607 | E35: ='EU-Piping'!M4 -> 2.2174432 | F35: Manual collection | G35: A1-A3 | H35: - | I35: 0.25 | J35: 0.5
A36: Elevators (RES) | B36: Europe | C36: unit | D36: ='EU-Elevators'!S3 -> 10046.482 | E36: ='EU-Elevators'!S4 -> 3060.4596 | F36: Manual collection | G36: A1-A3 | H36: - | I36: 0.4 | J36: 0.3
A37: Elevators (COM/IND) | B37: Europe | C37: unit | D37: ='EU-Elevators'!S7 -> 56468.179 | E37: ='EU-Elevators'!S8 -> 27957.833 | F37: Manual collection | G37: A1-A3 | H37: - | I37: 0.4 | J37: 0.3
A38: HVAC | B38: Europe | C38: m2 built area | D38: ='EU-HVAC'!K3 -> 35.121724 | E38: ='EU-HVAC'!K4 -> 17.176351 | F38: Manual collection | G38: A1-A3 | H38: - | I38: 0.45 | J38: 0.35
A39: Electrical system | B39: Europe | C39: m2 built area | D39: ='EU-Electrical system'!J3 -> 9.9760303 | E39: ='EU-Electrical system'!J4 -> 4.702566 | F39: Manual collection | G39: A1-A3 | H39: - | I39: 0.5 | J39: 0.25
A40: Fire system | B40: Europe | C40: m2 built area | D40: ='EU-Fire system'!J3 -> 4.9858757 | E40: ='EU-Fire system'!J4 -> 1.0002992 | F40: Manual collection | G40: A1-A3 | H40: - | I40: 0.35 | J40: 0.4

Sheet Module A1-A3
A1: component | B1: description | C1: unit | D1: kg CO2e/unit | E1: st dev | F1: kg/unit | G1: waste rate | I1: materials | J1: density (kg/m3)
A2: RC beam | B2: 225 kg of steel per cubic meter (2.86% volumetric ratio) | C2: m3 | D2: =225*'Embodied Carbon Factors'!D3 + 0.9714*'Embodied Carbon Factors'!D2 -> 458.7744 | E2: =SQRT((225*'Embodied Carbon Factors'!E3)^2 + (0.9714*'Embodied Carbon Factors'!E2)^2) -> 137.56371 | F2: =0.9714*J2 + (1-0.9714)*J3 -> 2555.87 | G2: 0.05 | I2: concrete (unreinf) | J2: 2400
A3: RC column | B3: 325 kg of steel per cubic meter (4.14% volumetric ratio) | C3: m3 | D3: =325*'Embodied Carbon Factors'!D3 + 0.9586*'Embodied Carbon Factors'!D2 -> 542.2056 | E3: =SQRT((325*'Embodied Carbon Factors'!E3)^2 + (0.9586*'Embodied Carbon Factors'!E2)^2) -> 191.26179 | F3: =0.9586*J2 + (1-0.9586)*J3 -> 2625.63 | G3: 0.05 | I3: steel | J3: 7850
A4: RC frame | B4: 1/3 columns and 2/3 beams | C4: m3 | D4: =0.67*D2 + 0.33*D3 -> 486.3067 | E4: =0.67*E2 + 0.33*E3 -> 155.28408 | F4: =0.67*F2 + 0.33*F3 -> 2578.8908 | G4: 0.05 | I4: solid clay | J4: 1700
A5: RC foundation | B5: 85 kg of steel per cubic meter (1.08% volumetric ratio) | C5: m3 | D5: =85*'Embodied Carbon Factors'!D3 + 0.9892*'Embodied Carbon Factors'!D2 -> 341.9382 | E5: =SQRT((85*'Embodied Carbon Factors'!E3)^2 + (0.9892*'Embodied Carbon Factors'!E2)^2) -> 70.944638 | F5: =0.9892*J2 + (1-0.9892)*J3 -> 2458.86 | G5: 0.05 | I5: hollow clay | J5: 1300
A6: RC wall | B6: 125 kg of steel per cubic meter (1.59% volumetric ratio) | C6: m3 | D6: =125*'Embodied Carbon Factors'!D3 + 0.9841*'Embodied Carbon Factors'!D2 -> 375.3161 | E6: =SQRT((125*'Embodied Carbon Factors'!E3)^2 + (0.9841*'Embodied Carbon Factors'!E2)^2) -> 87.820867 | F6: =0.9841*J2 + (1-0.9841)*J3 -> 2486.655 | G6: 0.05 | I6: hollow clay (slab) | J6: 500
A7: RC solid slab | B7: 110 kg of steel per cubic meter (1.4% volumetric ratio) | C7: m3 | D7: =110*'Embodied Carbon Factors'!D3 + 0.986*'Embodied Carbon Factors'!D2 -> 362.796 | E7: =SQRT((110*'Embodied Carbon Factors'!E3)^2 + (0.986*'Embodied Carbon Factors'!E2)^2) -> 81.159117 | F7: =0.986*J2 + (1-0.986)*J3 -> 2476.3 | G7: 0.05 | I7: hollow concrete | J7: 1500
A8: RC ribbed slab (with hollow clay bricks) | B8: 90 kg of steel per cubic meter (1.15% volumetric ratio) and 40x40x17 cm hollow clay blocks with density 500 kg/m3 (36%), 8 cm flange and 15 cm web, slab height 0.25 m | C8: m3 | D8: =(90*(0.55*0.55*0.25-0.4*0.4*0.17)*'Embodied Carbon Factors'!D3 + 0.9885*(0.55*0.55*0.25-0.4*0.4*0.17)*'Embodied Carbon Factors'!D2 + (0.4*0.4*0.17)*'Embodied Carbon Factors'!D9*J6)/0.25/0.55/0.55 -> 257.58119 | E8: =SQRT((90*(0.55*0.55*0.25-0.4*0.4*0.17)*'Embodied Carbon Factors'!E3)^2 + (0.9885*(0.55*0.55*0.25-0.4*0.4*0.17)*'Embodied Carbon Factors'!E2)^2 + ((0.4*0.4*0.17)*'Embodied Carbon Factors'!E9*J6)^2)/0.25/0.55/0.55 -> 48.226681 | F8: =((1-0.9885)*(0.55*0.55*0.25-0.4*0.4*0.17)*J3 + 0.9885*(0.55*0.55*0.25-0.4*0.4*0.17)*J2 + (0.4*0.4*0.17)*J6)/0.25/0.55/0.55 -> 1756.7608 | G8: 0.06 | I8: timber | J8: 640
A9: RC ribbed slab (with hollow concrete blocks) | B9: 90 kg of steel per cubic meter (1.15% volumetric ratio) and 40x40x17 cm hollow concrete blocks with density 1500 kg/m3 (36%), 8 cm flange and 15 cm web, slab height 0.25 m | C9: m3 | D9: =(90*(0.55*0.55*0.25-0.4*0.4*0.17)*'Embodied Carbon Factors'!D3 + 0.9885*(0.55*0.55*0.25-0.4*0.4*0.17)*'Embodied Carbon Factors'!D2 + (0.4*0.4*0.17)*'Embodied Carbon Factors'!D11*J7)/0.25/0.55/0.55 -> 345.7002 | E9: =SQRT((90*(0.55*0.55*0.25-0.4*0.4*0.17)*'Embodied Carbon Factors'!E3)^2 + (0.9885*(0.55*0.55*0.25-0.4*0.4*0.17)*'Embodied Carbon Factors'!E2)^2 + ((0.4*0.4*0.17)*'Embodied Carbon Factors'!E11*J7)^2)/0.25/0.55/0.55 -> 71.17001 | F9: =((1-0.9885)*(0.55*0.55*0.25-0.4*0.4*0.17)*J3 + 0.9885*(0.55*0.55*0.25-0.4*0.4*0.17)*J2 + (0.4*0.4*0.17)*J7)/0.25/0.55/0.55 -> 2116.4302 | G9: 0.05 | I9: gypsum | J9: 1000
A10: RC and steel composite floor | B10: 90 kg of steel per cubic meter (1.15% volumetric ratio), 15 cm solid slab, 7610 mm2 girders with 2 m spacing, steel deck with depth of 80 mm, openings spaced by 120 mm with 120 mm width [each 1 m of slab will have 3.333 parts of deck] | C10: m3 | D10: =(7610*10^-6*J3*'Embodied Carbon Factors'!D4 + (0.15*2-3.33*0.18*0.08)*'Embodied Carbon Factors'!D2 + 90*(0.15*2-3.33*0.18*0.08)*'Embodied Carbon Factors'!D3 + 3.33*0.001*(0.18+0.06+0.06)*J3*'Embodied Carbon Factors'!D6)/(0.15*2+7610*10^-6) -> 497.00467 | E10: =SQRT((7610*10^-6*J3*'Embodied Carbon Factors'!E4)^2 + ((0.15*2-3.33*0.18*0.08)*'Embodied Carbon Factors'!E2)^2 + (90*(0.15*2-3.33*0.18*0.08)*'Embodied Carbon Factors'!E3)^2 + (3.33*0.001*(0.18+0.06+0.06)*J3*'Embodied Carbon Factors'!E6)^2)/(0.15*2+7610*10^-6) -> 78.727099 | F10: =(7610*10^-6*J3+(0.15*2-3.33*0.18*0.08)*J2 + 90*(0.15*2-3.33*0.18*0.08) + 3.33*0.001*(0.18+0.06+0.06)*J3)/(0.15*2+7610*10^-6) -> 2259.9401 | G10: 0.05 | I10: stone wool | J10: 80
A11: Timber floor | B11: timber joist 30x5 cm spaced at 0.6 m one way, timber slab 2 cm thick, 0.045 m3/m2 | C11: m3 | D11: ='Embodied Carbon Factors'!D7 -> 162 | E11: ='Embodied Carbon Factors'!E7 -> 108.378 | F11: =J8 -> 640 | G11: 0.1 | I11: mortar | J11: 2100
A12: RC and timber composite floor | B12: timber joist 30x5 cm spaced at 0.6 m one way (34% volumetric ratio), solid RC slab of 5 cm thickness (66% volumetric ratio), 90 kg of steel per cubic meter (1.15% volumetric ratio), 0.075 m3/m2 | C12: m3 | D12: =(0.9885*0.6*0.05*'Embodied Carbon Factors'!D2 + 90*0.6*0.05*'Embodied Carbon Factors'!D3 + 0.3*0.05*'Embodied Carbon Factors'!D7)/(0.05*0.6 + 0.3*0.05) -> 284.729 | E12: =SQRT((0.9885*0.6*0.05*'Embodied Carbon Factors'!E2)^2 + (90*0.6*0.05*'Embodied Carbon Factors'!E3)^2 + (0.3*0.05*'Embodied Carbon Factors'!E7)^2)/(0.05*0.6 + 0.3*0.05) -> 60.544789 | F12: =(0.9885*0.6*0.05*J2 + (1-0.9885)*0.6*0.05*J3 + 0.3*0.05*J8)/(0.05*0.6 + 0.3*0.05) -> 1855.1167 | G12: 0.1 | I12: plaster | J12: 800
A13: Timber structural components | B13: applicable to walls and to frames | C13: m3 | D13: ='Embodied Carbon Factors'!D7 -> 162 | E13: ='Embodied Carbon Factors'!E7 -> 108.378 | F13: =J8 -> 640 | G13: 0.02 | I13: granite | J13: 2700
A14: Cold formed steel members | B14: density 7850 kg/m3 | C14: m3 | D14: ='Embodied Carbon Factors'!D5*J3 -> 19782 | E14: ='Embodied Carbon Factors'!E5*J3 -> 4317.5 | F14: =J3 -> 7850 | G14: 0.01
A15: Hot rolled steel members | B15: density 7850 kg/m3 | C15: m3 | D15: ='Embodied Carbon Factors'!D4*J3 -> 5442.562 | E15: ='Embodied Carbon Factors'!E4*J3 -> 1965.4045 | F15: =J3 -> 7850 | G15: 0.01
A16: Solid clay infill (external) | B16: density 1700 kg/m3, brick 25x25 cm, panel 3x4.5 m, 25 cm thick, mortar (2100 kgm3) within 1 cm joints (1/4 ratio), plaster of 3 cm thick (800 kg/m3) (1/6 ratio), two-layer stone wool insulation | C16: m | D16: 384.50559 | E16: 98.241071 | F16: =(J4*0.25*0.25*0.25 + (0.26*0.26-0.25*0.25)*0.25*J11 + 0.26*0.26*0.03*2*J12 + 0.26*0.26*0.025*2*J10)/0.26/0.26*3 -> 1453.6331 | G16: 0.06
A17: Hollow clay infill (external) | B17: density 1300 kg/m3, brick 25x25 cm, panel 3x4.5 m, 25 cm thick, mortar (2100 kgm3) within 1 cm joints (1/4 ratio), plaster of 3 cm thick (800 kg/m3) (1/6 ratio), two-layer stone wool insulation | C17: m | D17: 324.46572 | E17: 69.461051 | F17: =(J5*0.25*0.25*0.25 + (0.26*0.26-0.25*0.25)*0.25*J11 + 0.26*0.26*0.03*2*J12 + 0.26*0.26*0.025*2*J10)/0.26/0.26*3 -> 1176.2663 | G17: 0.06
A18: Hollow concrete infill (external) | B18: density 1500 kg/m3, brick 25x25 cm, panel 3x4.5 m, 25 cm thick, mortar (2100 kgm3) within 1 cm joints (1/4 ratio), plaster of 3 cm thick (800 kg/m3) (1/6 ratio), two-layer stone wool insulation | C18: m | D18: 388.45986 | E18: 114.11491 | F18: =(J7*0.25*0.25*0.25 + (0.26*0.26-0.25*0.25)*0.25*J11 + 0.26*0.26*0.03*2*J12 + 0.26*0.26*0.025*2*J10)/0.26/0.26*3 -> 1314.9497 | G18: 0.05
A19: Solid clay infill (internal) | B19: density 1700 kg/m3, brick 25x25 cm, panel 3x4.5 m, 10 cm thick, mortar (2100 kgm3) within 1 cm joints (1/4 ratio), plaster of 3 cm thick (800 kg/m3) (1/6 ratio) | C19: m | D19: 193.61598 | E19: 40.983258 | F19: =(J4*0.25*0.25*0.1 + (0.26*0.26-0.25*0.25)*0.1*J11 + 0.26*0.26*0.03*2*J12)/0.26/0.26*3 -> 663.05325 | G19: 0.06
A20: Hollow clay infill (internal) | B20: density 1300 kg/m3, brick 25x25 cm, panel 3x4.5 m, 10 cm thick, mortar (2100 kgm3) within 1 cm joints (1/4 ratio), plaster of 3 cm thick (800 kg/m3) (1/6 ratio) | C20: m | D20: 169.60003 | E20: 30.138221 | F20: =(J5*0.25*0.25*0.1 + (0.26*0.26-0.25*0.25)*0.1*J11 + 0.26*0.26*0.03*2*J12)/0.26/0.26*3 -> 552.10651 | G20: 0.06
A21: Hollow concrete infill (internal) | B21: density 1500 kg/m3, brick 25x25 cm, panel 3x4.5 m, 10 cm thick, mortar (2100 kgm3) within 1 cm joints (1/4 ratio), plaster of 3 cm thick (800 kg/m3) (1/6 ratio) | C21: m | D21: 195.19768 | E21: 47.099084 | F21: =(J7*0.25*0.25*0.1 + (0.26*0.26-0.25*0.25)*0.1*J11 + 0.26*0.26*0.03*2*J12)/0.26/0.26*3 -> 607.57988 | G21: 0.05
A22: Unreinforced masonry wall (with solid clay bricks) | B22: density 1700 kg/m3, brick 25x25 cm, panel 3x4.5 m, 30 cm thick, plaster of 3 cm thick (800 kg/m3) (1/6 ratio), mortar (2100 kgm3) within 1 cm joints (1/4 ratio), two-layer stone wool insulation | C22: m3 | D22: 483.1262 | E22: 129.90314 | F22: =(J4*0.25*0.25*0.3 + (0.26*0.26-0.25*0.25)*0.3*J11 + 0.26*0.26*0.03*2*J12 + 0.26*0.26*0.025*2*J10)/0.26/0.26/(0.3+2*0.03+2*0.025) -> 1392.8128 | G22: 0.06
A23: Unreinforced masonry wall (with hollow clay bricks) | B23: density 1300 kg/m3, brick 25x25 cm, panel 3x4.5 m, 30 cm thick, plaster of 3 cm thick (800 kg/m3) (1/6 ratio), mortar (2100 kgm3) within 1 cm joints (1/4 ratio), two-layer stone wool insulation | C23: m3 | D23: 403.07305 | E23: 91.08465 | F23: =(J5*0.25*0.25*0.3 + (0.26*0.26-0.25*0.25)*0.3*J11 + 0.26*0.26*0.03*2*J12 + 0.26*0.26*0.025*2*J10)/0.26/0.26/(0.3+2*0.03+2*0.025) -> 1122.211 | G23: 0.06
A24: Reinforced masonry wall (with hollow concrete blocks) | B24: one vertical bar (16 mm) for each brick, two horizontal bars (12 mm) for every other joint, thickess 30 cm, 20% void filled by concrete, plaster of 3 cm thick (800 kg/m3) (1/6 ratio), mortar (2100 kgm3) within 1 cm joints (1/4 ratio), two-layer stone wool insulation, 70% external walls + 30% internal walls | C24: m3 | D24: 571.17004 | E24: 152.71754 | F24: =0.7 * (((J7*0.25*0.25*0.3 + (0.26*0.26-0.25*0.25)*0.3*J11 + 0.26*0.26*0.03*2*J12 + 0.25*0.3*0.25*0.2*J2 + (201*0.26+113*0.26)*10^-6*J3 + 0.26*0.26*0.025*2*J10))/0.26/0.26/(0.3+2*0.03+2*0.025)) + 0.3 * (((J7*0.25*0.25*0.3 + (0.26*0.26-0.25*0.25)*0.3*J11 + 0.26*0.26*0.03*2*J12 + 0.25*0.3*0.25*0.2*J2 + (201*0.26+113*0.26)*10^-6*J3))/0.26/0.26/(0.3+2*0.03)) -> 1668.9135 | G24: 0.06
A25: Reinforced masonry wall (with hollow clay bricks) | B25: one vertical bar (16 mm) for each brick, two horizontal bars (12 mm) for every other joint, thickess 30 cm, 20% void filled by concrete, plaster of 3 cm thick (800 kg/m3) (1/6 ratio), mortar (2100 kgm3) within 1 cm joints (1/4 ratio), two-layer stone wool insulation, 70% external walls + 30% internal walls | C25: m3 | D25: 485.84453 | E25: 93.595296 | F25: =0.7* ((J5*0.25*0.25*0.3 + (0.26*0.26-0.25*0.25)*0.3*J11 + 0.26*0.26*0.03*2*J12 + 0.25*0.3*0.25*0.2*J2 + (201*0.26+113*0.26)*10^-6*J3 + 0.26*0.26*0.025*2*J10)/0.26/0.26/(0.3+2*0.03+2*0.025)) + 0.3* ((J5*0.25*0.25*0.3 + (0.26*0.26-0.25*0.25)*0.3*J11 + 0.26*0.26*0.03*2*J12 + 0.25*0.3*0.25*0.2*J2 + (201*0.26+113*0.26)*10^-6*J3)/0.26/0.26/(0.3+2*0.03)) -> 1527.9751 | G25: 0.06
A26: Steel panels (Res) | B26: 10 cm solid clay bricks (with mortar included considering brick size 25*10*10 cm, assuming 1 m width fits 4 bricks given their size), 2 cm plasterboards, 15 cm studs (2 in 1 m) of 1 mm thickness and 30 cm length, 15 cm insulation layer (27 cm total thickness), 878 kg/m3, 3.25 m high | C26: m | D26: ='Embodied Carbon Factors'!D10*553 + 'Embodied Carbon Factors'!D27/(J9*0.02)*65 + 'Embodied Carbon Factors'!D5*15 + 'Embodied Carbon Factors'!D28*39/(0.15*J10) + 98/J11*(0.2*J11*'Embodied Carbon Factors'!D29*0.001 + 0.8*J11*'Embodied Carbon Factors'!D30*0.001) -> 187.51619 | E26: =SQRT(('Embodied Carbon Factors'!E10*553)^2 + ('Embodied Carbon Factors'!E27/(J9*0.02)*65)^2 + ('Embodied Carbon Factors'!E5*15)^2 + ('Embodied Carbon Factors'!E28*39/(0.15*J10))^2 + (98.28/J11*(0.2*J11*'Embodied Carbon Factors'!E29*0.001 + 0.8*J11*'Embodied Carbon Factors'!E30*0.001))^2)/1 -> 43.406942 | F26: 770 | G26: 0.06
A27: Steel panels (Com) | B27: 0.2 mm deck, 2 cm plasterboards, 15 cm studs (2 in 1 m) of 1 mm thickness and 30 cm length, 15 cm insulation layer (17 cm total thickness), 225 kg/m3, 4 m high | C27: m | D27: ='Embodied Carbon Factors'!D27/(J9*0.02)*80 + 'Embodied Carbon Factors'!D5*25 + 'Embodied Carbon Factors'!D28*48/(0.15*J10) -> 86 | E27: =SQRT(('Embodied Carbon Factors'!E27/(J9*0.02)*80)^2 + ('Embodied Carbon Factors'!E5*25)^2 + ('Embodied Carbon Factors'!E28*48/(0.15*J10))^2)/1 -> 17.141578 | F27: 153 | G27: 0.07
A28: Steel panels (Ind) | B28: 0.2 mm deck (2 layers), 10 cm insulation layer (10 cm total thickness), 111 kg/m3, 4 m high | C28: m | D28: ='Embodied Carbon Factors'!D28*32/(0.1*J10) + 'Embodied Carbon Factors'!D6*13 -> 52.91 | E28: =SQRT(('Embodied Carbon Factors'!E28*32/(0.1*J10))^2 + ('Embodied Carbon Factors'!E6*13)^2)/1 -> 11.69535 | F28: 45 | G28: 0.07
A29: Timber infills | B29: 1 cm timber panel, 2 cm plasterboards, 10 cm studs (2 in 1 m) of 1 mm thickness and 20 cm length, 10 cm insulation layer (13 cm total thickness), 289 kg/m3, 4 m high | C29: m | D29: ='Embodied Carbon Factors'!D8/J8*26 + 'Embodied Carbon Factors'!D27/(J9*0.02)*80 + 'Embodied Carbon Factors'!D5*13 + 'Embodied Carbon Factors'!D28*32/(0.1*J10) -> 62.869375 | E29: =SQRT(('Embodied Carbon Factors'!E8/J8*26)^2 + ('Embodied Carbon Factors'!E27/(J9*0.02)*80)^2 + ('Embodied Carbon Factors'!E5*13)^2 + ('Embodied Carbon Factors'!E28*32/(0.1*J10))^2)/1 -> 12.822854 | F29: 150 | G29: 0.1
A30: Timber partitions | B30: 1 cm timber panel, 2 cm plasterboards, 10 cm studs (2 in 1 m) of 1 mm thickness and 30 cm length (13 cm total thickness), 227 kg/m3, 4 m high | C30: m | D30: ='Embodied Carbon Factors'!D8/J8*26 + 'Embodied Carbon Factors'!D27/(J9*0.02)*80 + 'Embodied Carbon Factors'!D5*13 -> 48.829375 | E30: =SQRT(('Embodied Carbon Factors'!E8/J8*26)^2 + ('Embodied Carbon Factors'!E27/(J9*0.02)*80)^2 + ('Embodied Carbon Factors'!E5*13)^2)/1 -> 9.2887015 | F30: 118 | G30: 0.1
A31: Cladding (gross wall area) | B31: nonstructural timber panels, density 640 kg/m3, 2 cm thick | C31: m2 | D31: ='Embodied Carbon Factors'!D8*0.02 -> 3.5 | E31: ='Embodied Carbon Factors'!E8*0.02 -> 1.438 | F31: =J8*0.02 -> 12.8 | G31: 0.1
A32: Cladding (windows and glazing area) | B32: granite, 2700 kg/m3, 2 cm thick | C32: m2 | D32: ='Embodied Carbon Factors'!D14*J13*0.02 -> 5.022 | E32: ='Embodied Carbon Factors'!E14*J13*0.02 -> 0 | F32: =J13*0.02 -> 54 | G32: 0.05
A33: Doors (nonstructural wood) | B33: nonstructural timber panels, density 640 kg/m3, 2.1x0.9x0.05 m | C33: unit | D33: ='Embodied Carbon Factors'!D8*0.05*2.1*0.9 -> 16.5375 | E33: ='Embodied Carbon Factors'!E8*0.05*2.1*0.9 -> 6.79455 | F33: =J8*0.05*2.1*0.9 -> 60.48 | G33: 0.1
A34: Double-glazed windows with PVC frames | B34: weight 30 kg/m2, 60% glass, 40% PVC | C34: ='Embodied Carbon Factors'!C22 -> m2 | D34: ='Embodied Carbon Factors'!D22 -> 68.4 | E34: ='Embodied Carbon Factors'!E22 -> 14.44 | F34: =30 -> 30 | G34: 0.01
A35: Ceramic tile floors | C35: =C44 -> m2 | D35: =D44 -> 12.1 | E35: =E44 -> 4.05 | F35: =F44 -> 0 | G35: 0.06
A36: Raised access floors | B36: 8 kg/m2 | C36: m2 | D36: ='Embodied Carbon Factors'!D34 -> 21.6 | E36: ='Embodied Carbon Factors'!E34 -> 12.727922 | F36: 0 | G36: 0.01
A37: RC solid roofing | B37: =B7 -> 110 kg of steel per cubic meter (1.4% volumetric ratio) | C37: m2 | D37: =D7*0.15 -> 54.4194 | E37: =E7*0.15 -> 12.173868 | F37: =F7*0.15 -> 371.445 | G37: 0.05
A38: RC ribbed roofing (with hollow clay bricks) | B38: =B8 -> 90 kg of steel per cubic meter (1.15% volumetric ratio) and 40x40x17 cm hollow clay blocks with density 500 kg/m3 (36%), 8 cm flange and 15 cm web, slab height 0.25 m | C38: m2 | D38: =D8*0.25 -> 64.395298 | E38: =E8*0.25 -> 12.05667 | F38: =F8*0.25 -> 439.1902 | G38: 0.06
A39: RC ribbed roofing (with hollow concrete blocks) | B39: =B9 -> 90 kg of steel per cubic meter (1.15% volumetric ratio) and 40x40x17 cm hollow concrete blocks with density 1500 kg/m3 (36%), 8 cm flange and 15 cm web, slab height 0.25 m | C39: m2 | D39: =D9*0.25 -> 86.42505 | E39: =E9*0.25 -> 17.792503 | F39: =F9*0.25 -> 529.10756 | G39: 0.05
A40: RC and steel composite roofing | B40: =B10 -> 90 kg of steel per cubic meter (1.15% volumetric ratio), 15 cm solid slab, 7610 mm2 girders with 2 m spacing, steel deck with depth of 80 mm, openings spaced by 120 mm with 120 mm width [each 1 m of slab will have 3.333 parts of deck] | C40: m2 | D40: =(7610*10^-6*J3*'Embodied Carbon Factors'!D4 + (0.15*2-3.33*0.18*0.08)*'Embodied Carbon Factors'!D2 + 90*(0.15*2-3.33*0.18*0.08)*'Embodied Carbon Factors'!D3 + 3.33*0.001*(0.18+0.06+0.06)*7850*'Embodied Carbon Factors'!D6)/2 -> 76.441804 | E40: =SQRT((7610*10^-6*J3*'Embodied Carbon Factors'!E4)^2 + ((0.18*2-3.33*0.18*0.08)*'Embodied Carbon Factors'!E2)^2 + (90*(0.18*2-3.33*0.18*0.08)*'Embodied Carbon Factors'!E3)^2 + (3.33*0.001*(0.18+0.06+0.06)*7850*'Embodied Carbon Factors'!E6)^2)/(2) -> 13.85983 | F40: =(7610*10^-6*J3+(0.15*2-3.33*0.18*0.08)*J2+ 90*(0.15*2-3.33*0.18*0.08) + 3.33*0.001*(0.18+0.06+0.06)*J3)/(2) -> 347.59008 | G40: 0.05
A41: Timber roofing | B41: =B11 -> timber joist 30x5 cm spaced at 0.6 m one way, timber slab 2 cm thick, 0.045 m3/m2 | C41: m2 | D41: =((0.6*0.02 + 0.3*0.05)*'Embodied Carbon Factors'!D7)/(0.6) -> 7.29 | E41: =((0.6*0.02 + 0.3*0.05)*'Embodied Carbon Factors'!E7)/(0.6) -> 4.87701 | F41: =((0.6*0.02 + 0.3*0.05)*J8)/(0.6) -> 28.8 | G41: 0.1
A42: RC and timber composite roofing | B42: =B12 -> timber joist 30x5 cm spaced at 0.6 m one way (34% volumetric ratio), solid RC slab of 5 cm thickness (66% volumetric ratio), 90 kg of steel per cubic meter (1.15% volumetric ratio), 0.075 m3/m2 | C42: m2 | D42: =(0.9885*0.6*0.05*'Embodied Carbon Factors'!D2 + 90*0.6*0.05*'Embodied Carbon Factors'!D3 + 0.3*0.05*'Embodied Carbon Factors'!D7)/(0.6) -> 21.354675 | E42: =SQRT((0.9885*0.6*0.05*'Embodied Carbon Factors'!E2)^2 + (90*0.6*0.05*'Embodied Carbon Factors'!E3)^2 + (0.3*0.05*'Embodied Carbon Factors'!E7)^2)/(0.6) -> 4.5408592 | F42: =(0.9885*0.6*0.05*J2 + (1-0.9885)*0.6*0.05*J3 + 0.3*0.05*J8)/(0.6) -> 139.13375 | G42: 0.1
A43: Gypsum partitions | B43: density 1000 kg/m3 (20 kg/m2), 2 gypsum boards 1.25 cm thick, 7.5 cm studs (2 in 1 m) of 1 mm thickness and 15 cm length, 274 kg/m3 | C43: m2 | D43: ='Embodied Carbon Factors'!D27 + 'Embodied Carbon Factors'!D5*2 -> 7.28 | E43: =SQRT(('Embodied Carbon Factors'!E27)^2 + ('Embodied Carbon Factors'!E5*2)^2) -> 1.6953171 | F43: 27 | G43: 0.04
A44: Ceramic tile walls | C44: m2 | D44: ='Embodied Carbon Factors'!D26 -> 12.1 | E44: ='Embodied Carbon Factors'!E26 -> 4.05 | F44: 0 | G44: 0.06
A45: Metal ceilings (lay in tile) | B45: 8 kg/m2 | C45: ='Embodied Carbon Factors'!C33 -> m2 | D45: ='Embodied Carbon Factors'!D33 -> 20.108447 | E45: ='Embodied Carbon Factors'!E33 -> 7.0161267 | F45: 0 | G45: 0.01
A46: Metal ceilings (other) | B46: 8 kg/m2 | C46: =C45 -> m2 | D46: =D45 -> 20.108447 | E46: =E45 -> 7.0161267 | F46: =F45 -> 0 | G46: 0.01
A47: Metal ceilings (other - high end) | B47: 8 kg/m2 | C47: =C46 -> m2 | D47: =D46 -> 20.108447 | E47: =E46 -> 7.0161267 | F47: =F46 -> 0 | G47: 0.01
A48: Gypsum ceilings | C48: m2 | D48: ='Embodied Carbon Factors'!D27 -> 2.24 | E48: ='Embodied Carbon Factors'!E27 -> 1.29 | F48: 0 | G48: 0.04
A49: Storage racks | B49: 20 kg/m | C49: m | D49: ='Embodied Carbon Factors'!D5*20 -> 50.4 | E49: ='Embodied Carbon Factors'!E5*20 -> 11 | F49: 0 | G49: 0.01
A50: Stairs (RC) | B50: 4.8 m3 per unit, 2500 kg/m3 for reinforced concrete | C50: unit | D50: ='Embodied Carbon Factors'!D2*4.8 -> 1300.8 | E50: ='Embodied Carbon Factors'!E2*4.8 -> 252.3552 | F50: =4.8*2500 -> 12000 | G50: 0.05
A51: Stairs (timber) | B51: 4.8 m3 per unit, 640 kg/m3 for mass timber | C51: unit | D51: ='Embodied Carbon Factors'!D7*4.8 -> 777.6 | E51: ='Embodied Carbon Factors'!E7*4.8 -> 520.2144 | F51: =4.8*J8 -> 3072 | G51: 0.02
A52: Elevators (Res) | C52: unit | D52: ='Embodied Carbon Factors'!D36 -> 10046.482 | E52: ='Embodied Carbon Factors'!E36 -> 3060.4596 | F52: 0 | G52: 0.05
A53: Elevators (Com) | C53: unit | D53: ='Embodied Carbon Factors'!D37 -> 56468.179 | E53: ='Embodied Carbon Factors'!E37 -> 27957.833 | F53: 0 | G53: 0.05
A54: Elevators (Ind) | C54: =C53 -> unit | D54: =D53 -> 56468.179 | E54: =E53 -> 27957.833 | F54: =F53 -> 0 | G54: 0.05
A55: Plastic pipes (small diameter) | B55: 1 kg/m | C55: m | D55: ='Embodied Carbon Factors'!D35*1 -> 2.7279607 | E55: ='Embodied Carbon Factors'!E35*1 -> 2.2174432 | F55: 0 | G55: 0.05
A56: Plastic pipes (large diameter) | B56: 3.5 kg/m | C56: m | D56: ='Embodied Carbon Factors'!D35*3.5 -> 9.5478625 | E56: ='Embodied Carbon Factors'!E35*3.5 -> 7.7610512 | F56: 0 | G56: 0.05
A57: Piping (cold domestic water piping - 2 ½ inch diameter or smaller) | B57: =B55 -> 1 kg/m | C57: =C55 -> m | D57: =D55 -> 2.7279607 | E57: =E55 -> 2.2174432 | F57: =F55 -> 0 | G57: 0.05
A58: Piping (cold domestic water piping – greater than 2 ½ diameter) | B58: =B56 -> 3.5 kg/m | C58: =C56 -> m | D58: =D56 -> 9.5478625 | E58: =E56 -> 7.7610512 | F58: =F56 -> 0 | G58: 0.05
A59: Piping (hot domestic water piping - 2 ½ inch diameter or smaller) | B59: =B57 -> 1 kg/m | C59: =C57 -> m | D59: =D57 -> 2.7279607 | E59: =E57 -> 2.2174432 | F59: =F57 -> 0 | G59: 0.05
A60: Piping (hot domestic waster piping – greater than 2 ½ diameter) | B60: =B58 -> 3.5 kg/m | C60: =C58 -> m | D60: =D58 -> 9.5478625 | E60: =E58 -> 7.7610512 | F60: =F58 -> 0 | G60: 0.05
A61: Piping (gas supply piping) | B61: =B58 -> 3.5 kg/m | C61: =C58 -> m | D61: =D58 -> 9.5478625 | E61: =E58 -> 7.7610512 | F61: =F58 -> 0 | G61: 0.05
A62: Piping (sanitary waste piping) | B62: =B58 -> 3.5 kg/m | C62: =C58 -> m | D62: =D58 -> 9.5478625 | E62: =E58 -> 7.7610512 | F62: =F58 -> 0 | G62: 0.05
A63: Piping (process piping - 2 ½ inch diameter or smaller) | B63: =B57 -> 1 kg/m | C63: =C57 -> m | D63: =D57 -> 2.7279607 | E63: =E57 -> 2.2174432 | F63: =F57 -> 0 | G63: 0.05
A64: Piping (process piping – greater than 2 ½ diameter) | B64: =B58 -> 3.5 kg/m | C64: =C58 -> m | D64: =D58 -> 9.5478625 | E64: =E58 -> 7.7610512 | F64: =F58 -> 0 | G64: 0.05
A65: Piping (acid waste piping) | B65: =B58 -> 3.5 kg/m | C65: =C58 -> m | D65: =D58 -> 9.5478625 | E65: =E58 -> 7.7610512 | F65: =F58 -> 0 | G65: 0.05
A66: Piping (steam & chilled water piping - 2 ½ inch diameter or smaller) | B66: =B57 -> 1 kg/m | C66: =C57 -> m | D66: =D57 -> 2.7279607 | E66: =E57 -> 2.2174432 | F66: =F57 -> 0 | G66: 0.05
A67: Piping (steam & chilled water piping - greater than 2 ½ diameter) | B67: =B58 -> 3.5 kg/m | C67: =C58 -> m | D67: =D58 -> 9.5478625 | E67: =E58 -> 7.7610512 | F67: =F58 -> 0 | G67: 0.05
A68: Piping (heating water piping - 2 ½ inch diameter or smaller) | B68: =B57 -> 1 kg/m | C68: =C57 -> m | D68: =D57 -> 2.7279607 | E68: =E57 -> 2.2174432 | F68: =F57 -> 0 | G68: 0.05
A69: Piping (heating water piping - greater than 2 ½ diameter | B69: =B58 -> 3.5 kg/m | C69: =C58 -> m | D69: =D58 -> 9.5478625 | E69: =E58 -> 7.7610512 | F69: =F58 -> 0 | G69: 0.05
A70: HVAC | C70: ='Embodied Carbon Factors'!C38 -> m2 built area | D70: ='Embodied Carbon Factors'!D38 -> 35.121724 | E70: ='Embodied Carbon Factors'!E38 -> 17.176351 | F70: 0 | G70: 0.05
A71: Electrical system | C71: ='Embodied Carbon Factors'!C39 -> m2 built area | D71: ='Embodied Carbon Factors'!D39 -> 9.9760303 | E71: ='Embodied Carbon Factors'!E39 -> 4.702566 | F71: 0 | G71: 0.05
A72: Fire system | C72: ='Embodied Carbon Factors'!C40 -> m2 built area | D72: ='Embodied Carbon Factors'!D40 -> 4.9858757 | E72: ='Embodied Carbon Factors'!E40 -> 1.0002992 | F72: 0 | G72: 0.05

Sheet Modules A4-A5
A1: module A4
A2: Distance (km) | C2: 120
A3: Load empy trucks (%) | C3: 70
A4: A4 factor (kgCO2e/t/km) | C4: 0.053
A5: A4 factor (kgCO2e/t) | C5: =C4*C2*(1+C3/100) -> 10.812
A7: module A5
A8: sub-module A5.1
A9: C1 | B9: 25% of sub-module A5.2 | C9: -
A10: C2 | B10: Distance (km) | C10: 50
B11: Load empy trucks (%) | C11: 50
B12: C2 factor (kgCO2e/t/km) | C12: =C4 -> 0.053
B13: C2 factor (kgCO2e/t) | C13: =C12*C10*(1+C11/100) -> 3.975
A14: C3-C4 | B14: Average rate of waste processing/disposal (kgCO2e/kg of waste) | C14: 0.013
B15: Percentage of materials to be landfilled (%) | C15: 0.1
B16: C3-C4 factor (kgCO2e/kg of waste) | C16: =C14*C15 -> 0.0013
A17: sub-module A5.2
A18: Diesel energy content (MJ/l) x carbon factor (kgCO2e/MJ) | C18: =38*0.073 -> 2.774
A19: sub-module A5.3
A20: Waste rate | B20: Reported per component in the previous sheet | C20: -

Sheet EU-Earthen materials
A1: COMPRESSED EARTH BLOCKS (CEB)
A2: source | B2: region | C2: unit | D2: modules | E2: kg CO2e/unit | F2: density (kg/m3) | G2: kg CO2e/kg | J2: embodied carbon | K2: unit
A3: Fernandes et al. (2019) | B3: Portugal | C3: unit | D3: A1-A3 | E3: 0.388 | F3: 2000 | G3: =E3/(0.3*0.15*0.07)/F3 -> 0.061587302 | I3: average | J3: =AVERAGE(G3:G5) -> 0.059100529 | K3: kgCO2e/kg
A4: Mateus et al. (2019) | B4: Portugal | C4: unit | D4: A1-A3 | E4: 0.39 | F4: 2000 | G4: =E4/(0.3*0.15*0.07)/F4 -> 0.061904762 | I4: stdev | J4: =STDEV(G3:G5) -> 0.0045848935 | K4: kgCO2e/kg
A5: Pereira et al. (2017) | B5: Portugal | C5: unit | D5: A1-A3 | E5: 0.339 | F5: 2000 | G5: =E5/(0.3*0.15*0.07)/F5 -> 0.053809524
A10: RAMMED EARTH
A11: source | B11: region | C11: unit | D11: modules | E11: kg CO2e/unit | F11: density (kg/m3) | G11: kg CO2e/kg | J11: embodied carbon | K11: unit
A12: Fernandes et al. (2019) | B12: Portugal | C12: m3 | D12: A1-A5 | E12: 47.54 | F12: 2000 | G12: =E12/F12 -> 0.02377 | I12: average | J12: =AVERAGE(G12:G13) -> 0.024385 | K12: kgCO2e/kg
A13: Mateus et al. (2019) | B13: Portugal | C13: m3 | D13: A1-A5 | E13: 50 | F13: 2000 | G13: =E13/F13 -> 0.025 | I13: stdev | J13: =STDEV(G12:G13) -> 0.00086974134 | K13: kgCO2e/kg

Sheet EU-Ceramic tiles
A1: CERAMIC WALL TILES
A2: source | B2: product | C2: website | D2: region | E2: modules | F2: unit | G2: kg CO2e/unit | H2: valid until | I2: notes | L2: embodied carbon | M2: unit
A3: AENOR | B3: Tiles | C3: https://www.en.aenor.com/Producto_DAP_pdf/GlobalEPD_002_043_ESP.pdf | D3: Spain | E3: A1-A3 | F3: m2 | G3: 8.13 | H3: 2024 | K3: average | L3: =AVERAGE(G3:G104) -> 11.881931 | M3: kgCO2e/m2
A4: AENOR | B4: Porcelain tiles | C4: https://www.en.aenor.com/Producto_DAP_pdf/DAP_Grespania_002-044%20BIa%20ENG.pdf | D4: Spain | E4: A1-A3 | F4: m2 | G4: 14 | H4: 2024 | K4: stdev | L4: =STDEV(G3:G104) -> 5.2895257 | M4: kgCO2e/m2
A5: AENOR | B5: Porous tiles | C5: https://www.en.aenor.com/Producto_DAP_pdf/DAP_Grespania_002-045%20BIII%20ENG.pdf | D5: Spain | E5: A1-A3 | F5: m2 | G5: 12.4 | H5: 2024
A6: AENOR | B6: Tile | C6: https://www.en.aenor.com/Producto_DAP_pdf/DAP%20ROCERSA_BIII_ENG.pdf | D6: Spain | E6: A1-A3 | F6: m2 | G6: 8.13 | H6: 2024
A7: AENOR | B7: Ceramic tiles, porcelain stoneware | C7: https://www.en.aenor.com/Producto_DAP_pdf/GlobalEPD_002_013_r1_ESP.pdf | D7: Spain | E7: A1-A3 | F7: m2 | G7: 9.63 | H7: 2025
A8: AENOR | B8: Ceramic tiles, glazed stoneware | C8: https://www.en.aenor.com/Producto_DAP_pdf/GlobalEPD_002_014_ESP.pdf | D8: Spain | E8: A1-A3 | F8: m2 | G8: 8.8 | H8: 2025
A9: AENOR | B9: Ceramic tiles, glazed stoneware | C9: https://www.en.aenor.com/Producto_DAP_pdf/GlobalEPD_002_015_ESP.pdf | D9: Spain | E9: A1-A3 | F9: m2 | G9: 7.65 | H9: 2025
A10: AENOR | B10: Ceramic tiles, tiles | C10: https://www.en.aenor.com/Producto_DAP_pdf/GlobalEPD_002_016_ESP.pdf | D10: Spain | E10: A1-A3 | F10: m2 | G10: 9.28 | H10: 2025
A11: AENOR | B11: Ceramic tiles, porcelain stoneware | C11: https://www.en.aenor.com/Producto_DAP_pdf/GlobalEPD_002_017_r1_ESP.pdf | D11: Spain | E11: A1-A3 | F11: m2 | G11: 9.63 | H11: 2025
A12: AENOR | B12: Ceramic tiles, glazed stoneware | C12: https://www.en.aenor.com/Producto_DAP_pdf/GlobalEPD_002_018_ESP.pdf | D12: Spain | E12: A1-A3 | F12: m2 | G12: 8.8 | H12: 2025
A13: AENOR | B13: Ceramic tiles, glazed stoneware | C13: https://www.en.aenor.com/Producto_DAP_pdf/GlobalEPD_002_019_ESP.pdf | D13: Spain | E13: A1-A3 | F13: m2 | G13: 7.65 | H13: 2025
A14: AENOR | B14: Ceramic tiles, tiles | C14: https://www.en.aenor.com/Producto_DAP_pdf/GlobalEPD_002_020_ESP.pdf | D14: Spain | E14: A1-A3 | F14: m2 | G14: 9.28 | H14: 2025
A15: AENOR | B15: Ceramic tiles, porcelain stoneware | C15: https://www.en.aenor.com/Producto_DAP_pdf/GlobalEPD_002_021_r1_ESP.pdf | D15: Spain | E15: A1-A3 | F15: m2 | G15: 9.63 | H15: 2025
A16: AENOR | B16: Ceramic tiles, glazed stoneware | C16: https://www.en.aenor.com/Producto_DAP_pdf/GlobalEPD_002_022_ESP.pdf | D16: Spain | E16: A1-A3 | F16: m2 | G16: 8.8 | H16: 2025
... A53: EcoPlatform/Environdec | B53: CERAMIC TILES OF MEDIUM SIZE BIa TYPE UNGLAZED Production in Malino | C53: https://data.environdec.com/datasetdetail/process.xhtml?uuid=2609eb24-4ccc-41af-8e0f-3079f619f1e2&version=00.00.033&lang=enn | D53: Russia | E53: A1-A3 | F53: m2 | G53: 13.4 | H53: 2025
A54: EcoPlatform/EPD Italy | B54: Ceramic tiles | C54: https://node.epditaly.it/datasetdetail/process.xhtml?uuid=c749dc16-a727-433d-97cb-57262dd5d87a&version=00.00.026&lang=en | D54: Italy | E54: A1-A3 | F54: m2 | G54: 15.5 | H54: 2024 | I54: applicable to Europe, but production in Italy
A55: EcoPlatform/EPD Italy | B55: Ceramic tiles | C55: https://node.epditaly.it/datasetdetail/process.xhtml?uuid=616ecdaf-7849-4955-a2f8-c213c3324be2&version=00.00.026&lang=en | D55: Italy | E55: A1-A3 | F55: m2 | G55: 9.47 | H55: 2024 | I55: applicable to Europe, but production in Italy
A56: EcoPlatform/EPD Italy | B56: Ceramic tiles | C56: https://node.epditaly.it/datasetdetail/process.xhtml?uuid=eb08b38b-83db-4684-801e-a0299c828fcb&version=00.00.025&lang=en | D56: Italy | E56: A1-A3 | F56: m2 | G56: 17.9 | H56: 2024 | I56: applicable to Europe, but production in Italy
A57: EcoPlatform/EPD Italy | B57: Ceramic tiles | C57: https://node.epditaly.it/datasetdetail/process.xhtml?uuid=a5b30dbe-9b5b-4b73-b28f-86c7a10e6242&version=00.00.026&lang=en | D57: Italy | E57: A1-A3 | F57: m2 | G57: 8.15 | H57: 2024 | I57: applicable to Europe, but production in Italy
A58: EcoPlatform/EPD Italy | B58: Ceramic tiles | C58: https://node.epditaly.it/datasetdetail/process.xhtml?uuid=c1a9158c-d3a9-41f5-b7c2-5fe454e4f014&version=00.00.025&lang=en | D58: Italy | E58: A1-A3 | F58: m2 | G58: 11.7 | H58: 2025 | I58: applicable to Europe, but production in Italy
A59: EcoPlatform/EPD Italy | B59: Porcelain stoneware ceramic tiles | C59: https://node.epditaly.it/datasetdetail/process.xhtml?uuid=9ba3d1db-84fb-4dec-b3b0-af8f3e762539&version=00.00.036&lang=en | D59: Italy | E59: A1-A3 | F59: m2 | G59: 9.35 | H59: 2025 | I59: applicable to Europe, but production in Italy
A60: EcoPlatform/EPD Italy | B60: Ceramic tiles | C60: https://node.epditaly.it/datasetdetail/process.xhtml?uuid=35c5f24a-b935-4441-add2-cef5e1ebf1ac&version=00.00.028&lang=en | D60: Italy | E60: A1-A3 | F60: m2 | G60: 9.3 | H60: 2026 | I60: applicable to Europe, but production in Italy
A61: EcoPlatform/EPD Italy | B61: Ceramic tiles | C61: https://node.epditaly.it/datasetdetail/process.xhtml?uuid=2de55445-2d1d-4037-baa2-110f132c3d9e&version=00.03.000&lang=en | D61: Italy | E61: A1-A3 | F61: m2 | G61: 29.9 | H61: 2026 | I61: slabs 12mm+
A62: EcoPlatform/EPD Italy | B62: Ceramic tiles | C62: https://node.epditaly.it/datasetdetail/process.xhtml?uuid=131ecb28-0bcd-4c5d-8a9a-e2f18a819960&version=00.03.000&lang=en | D62: Italy | E62: A1-A3 | F62: m2 | G62: 48.5 | H62: 2026 | I62: slabs 20mm+
A63: EcoPlatform/EPD Italy | B63: Ceramic tiles | C63: https://node.epditaly.it/datasetdetail/process.xhtml?uuid=73fb6f26-13d7-496c-bc72-eb99fe42528f&version=00.03.000&lang=en | D63: Italy | E63: A1-A3 | F63: m2 | G63: 10.2 | H63: 2026 | I63: 3mm
A64: EcoPlatform/EPD Italy | B64: Ceramic tiles | C64: https://node.epditaly.it/datasetdetail/process.xhtml?uuid=e912eeca-4060-4fe6-8cbb-f35b1272a0a0&version=00.03.000&lang=en | D64: Italy | E64: A1-A3 | F64: m2 | G64: 12.4 | H64: 2026 | I64: 3mm+
A65: EcoPlatform/EPD Italy | B65: Ceramic tiles | C65: https://node.epditaly.it/datasetdetail/process.xhtml?uuid=6746751e-4299-48b2-930c-d5beb7a202e4&version=00.03.000&lang=en | D65: Italy | E65: A1-A3 | F65: m2 | G65: 17 | H65: 2026 | I65: 5mm
A66: EcoPlatform/EPD Italy | B66: Ceramic tiles | C66: https://node.epditaly.it/datasetdetail/process.xhtml?uuid=1d8f36aa-c86c-48ba-90ba-795ed8cbd876&version=00.03.000&lang=en | D66: Italy | E66: A1-A3 | F66: m2 | G66: 19.8 | H66: 2026 | I66: 5mm+
A67: EcoPlatform/IBU | B67: Italian Ceramic Tiles | C67: https://ibudata.lca-data.com/datasetdetail/process.xhtml?uuid=98a6e52b-6e12-4542-afa7-371740748685&version=00.01.000&stock=PUBLIC&lang=en | D67: Italy | E67: A1-A3 | F67: m2 | G67: 11.03 | H67: 2028
A68: EPD International | B68: Stoneware extruded tiles | C68: https://api.environdec.com/api/v1/EPDLibrary/Files/ccef3aaa-c7ac-451c-c264-08da3724454d/Data | D68: Spain | E68: A1-A3 | F68: m2 | G68: 24.9 | H68: 2027
A69: EPD International | B69: Porcelain stoneware tiles | C69: https://api.environdec.com/api/v1/EPDLibrary/Files/08e8581b-33e7-4738-566c-08da12da9675/Data | D69: Spain | E69: A1-A3 | F69: m2 | G69: 10.2 | H69: 2027
A70: EPD International | B70: Glazed stoneware tiles | C70: https://api.environdec.com/api/v1/EPDLibrary/Files/5fce72b4-37f2-4f47-566a-08da12da9675/Data | D70: Spain | E70: A1-A3 | F70: m2 | G70: 9.05 | H70: 2027
A71: EPD LCA database | B71: Ceramic Floor Tiles | C71: https://data.lcadatabase.com/datasetdetail/process.xhtml?uuid=2610f976-9424-4a8c-b92e-10b865781526 | D71: Spain | E71: A1-A3 | F71: m2 | G71: 11.27 | H71: 2024
A72: EPD LCA database | B72: Ceramic Floor Tiles | C72: https://data.lcadatabase.com/datasetdetail/process.xhtml?uuid=52c70755-82ae-4f2e-9df3-d095060e8342 | D72: Spain | E72: A1-A3 | F72: m2 | G72: 11.71 | H72: 2024
A73: EPD LCA database | B73: Ceramic porcelain stoneware tiles | C73: https://data.lcadatabase.com/datasetdetail/process.xhtml?uuid=7fb38fa8-07f8-4d92-a4f6-0f80f22fae85 | D73: Spain | E73: A1-A3 | F73: m2 | G73: 13.1 | H73: 2024
A74: EPD LCA database | B74: Ceramic porcelain stoneware tiles | C74: https://data.lcadatabase.com/datasetdetail/process.xhtml?uuid=f195d9eb-a403-43a2-868b-868bf4b4daed | D74: Spain | E74: A1-A3 | F74: m2 | G74: 9.16 | H74: 2024
A75: EPD LCA database | B75: Ceramic porcelain stoneware tiles | C75: https://data.lcadatabase.com/datasetdetail/process.xhtml?uuid=7303466d-0c5d-45a8-9c7b-d985bc4833b4 | D75: Spain | E75: A1-A3 | F75: m2 | G75: 11.4 | H75: 2024
A76: EPD LCA database | B76: Ceramic porcelain stoneware tiles | C76: https://data.lcadatabase.com/datasetdetail/process.xhtml?uuid=c1ca31e4-fcfc-45b9-bec2-27e398d7412aa | D76: Spain | E76: A1-A3 | F76: m2 | G76: 12.5 | H76: 2024
A77: EPD LCA database | B77: Ceramic porcelain stoneware tiles | C77: https://data.lcadatabase.com/datasetdetail/process.xhtml?uuid=425c74f3-0c17-4c74-a065-31e406ff69f44 | D77: Spain | E77: A1-A3 | F77: m2 | G77: 13.1 | H77: 2024
A78: EPD LCA database | B78: Ceramic porcelain stoneware tiles | C78: https://data.lcadatabase.com/datasetdetail/process.xhtml?uuid=e64612b4-5c1b-48ef-b3ac-11f80be1c0fd | D78: Spain | E78: A1-A3 | F78: m2 | G78: 11.6 | H78: 2024
... A104: OpenDAP | B104: Stoneware ceramic product | C104: https://node-opendap-es.translate.goog/datasetdetail/process.xhtml?uuid=21dcf5ff-ae97-4188-b47e-154487c62c7a&version=00.00.018&stock=default&_x_tr_sl=auto&_x_tr_tl=en&_x_tr_hl=en&_x_tr_pto=wapp | D104: Spain | E104: A1-A3 | F104: m2 | G104: 13.5 | H104: 2026

Sheet EU-Lay in tile ceilings
A1: METAL LAY IN TILE CEILINGS
A2: source | B2: product | C2: website | D2: region | E2: modules | F2: unit | G2: kg CO2e/unit | H2: valid until | I2: notes | L2: embodied carbon | M2: unit
A3: EcoPlatform/EPDItaly | B3: Metal ceilings: steel panels and systems | C3: https://node.epditaly.it/datasetdetail/process.xhtml?uuid=3c5bc379-52c4-4c33-92c8-a05ab0762835&version=00.03.000&lang=en | D3: Italy | E3: A1-A3 | F3: m2 | G3: 18.95 | H3: 2026 | I3: steel | K3: average | L3: =AVERAGE(G3:G38) -> 20.108447 | M3: kgCO2e/m2
A4: EcoPlatform/IBU | B4: Galvanized steel suspended ceiling panel | C4: https://ibudata.lca-data.com/datasetdetail/process.xhtml?uuid=db56f54d-1f0e-47a4-9d64-91767b016c91&version=00.01.000&stock=PUBLIC&lang=en | D4: Turkey | E4: A1-A3 | F4: m2 | G4: 18 | H4: 2024 | I4: steel | K4: stdev | L4: =STDEV(G3:G38) -> 7.0161267 | M4: kgCO2e/m2
A5: EcoPlatform/IBU | B5: Mesh Ceiling Membranes (1 mm) | C5: https://ibudata.lca-data.com/datasetdetail/process.xhtml?uuid=f4ed9f09-260c-47f6-9997-b5169adadf03&version=00.05.000&stock=PUBLIC&lang=en | D5: Italy | E5: A1-A3 | F5: m2 | G5: 13.39 | H5: 2027 | I5: steel
A6: EcoPlatform/IBU | B6: Mesh Ceiling Membranes (1.5 mm) | C6: https://ibudata.lca-data.com/datasetdetail/process.xhtml?uuid=092a66fb-611b-479c-b434-5fae1aaabb3e&version=00.05.000&stock=PUBLIC&lang=en | D6: Italy | E6: A1-A3 | F6: m2 | G6: 13.92 | H6: 2027 | I6: steel
A7: EcoPlatform/IBU | B7: Mesh Ceiling Tiles & Panels (1 mm) | C7: https://ibudata.lca-data.com/datasetdetail/process.xhtml?uuid=7eba0cf5-efd0-44c9-bc03-3b5cc304b5f7&version=00.02.000&stock=PUBLIC&lang=en | D7: Italy | E7: A1-A3 | F7: m2 | G7: 13.39 | H7: 2027 | I7: steel
A8: EcoPlatform/IBU | B8: Mesh Ceiling Tiles & Panels (1,5 mm) | C8: https://ibudata.lca-data.com/datasetdetail/process.xhtml?uuid=9a0cee45-9e87-4ebd-ba21-9d47b65dd882&version=00.02.000&stock=PUBLIC&lang=en | D8: Italy | E8: A1-A3 | F8: m2 | G8: 13.92 | H8: 2027 | I8: steel
A9: EcoPlatform/IBU | B9: Metal Ceiling Membranes (0.5 mm, with acoustic fleece) | C9: https://ibudata.lca-data.com/datasetdetail/process.xhtml?uuid=5850e9d0-3454-4ba9-8661-88b465720ed6&version=00.05.000&stock=PUBLIC&lang=en | D9: Europe (Austria, UK) | E9: A1-A3 | F9: m2 | G9: 15.11 | H9: 2027 | I9: steel
A10: EcoPlatform/IBU | B10: Metal Ceiling Membranes (0.5 mm, without acoustic infill) | C10: https://ibudata.lca-data.com/datasetdetail/process.xhtml?uuid=f1671433-b3ff-4932-8168-11c1b5783c6f&version=00.04.000&stock=PUBLIC&lang=en | D10: Europe (Austria, UK) | E10: A1-A3 | F10: m2 | G10: 17.03 | H10: 2027 | I10: steel
A11: EcoPlatform/IBU | B11: Metal Ceiling Membranes (0.6 mm, with acoustic fleece) | C11: https://ibudata.lca-data.com/datasetdetail/process.xhtml?uuid=c30a62cf-8dba-4e73-af10-e23195c93c27&version=00.04.000&stock=PUBLIC&lang=en | D11: Europe (Austria, UK) | E11: A1-A3 | F11: m2 | G11: 19.3 | H11: 2027 | I11: steel
A12: EcoPlatform/IBU | B12: Metal Ceiling Membranes (0.6 mm, without acoustic infill) | C12: https://ibudata.lca-data.com/datasetdetail/process.xhtml?uuid=f56d9fdc-d979-4c70-b81a-e1d8623d8132&version=00.05.000&stock=PUBLIC&lang=en | D12: Europe (Austria, UK) | E12: A1-A3 | F12: m2 | G12: 22.54 | H12: 2027 | I12: steel
A13: EcoPlatform/IBU | B13: Metal Ceiling Membranes (0.7 mm, with acoustic fleece) | C13: https://ibudata.lca-data.com/datasetdetail/process.xhtml?uuid=ffae3994-e0e3-4ef7-9190-624f34b8d971&version=00.05.000&stock=PUBLIC&lang=en | D13: Europe (Austria, UK) | E13: A1-A3 | F13: m2 | G13: 22.07 | H13: 2027 | I13: steel
A14: EcoPlatform/IBU | B14: Metal Ceiling Membranes (0.7 mm, without acoustic infill) | C14: https://ibudata.lca-data.com/datasetdetail/process.xhtml?uuid=59debe2f-35da-4116-8d16-3cb8a1ec1de6&version=00.04.000&stock=PUBLIC&lang=en | D14: Europe (Austria, UK) | E14: A1-A3 | F14: m2 | G14: 25.94 | H14: 2027 | I14: steel
A15: EcoPlatform/IBU | B15: Metal Ceiling Membranes (1 mm, with acoustic fleece) | C15: https://ibudata.lca-data.com/datasetdetail/process.xhtml?uuid=0bab722a-77b2-46e2-a32e-89dd32ffe24e&version=00.06.000&stock=PUBLIC&lang=en | D15: Europe (Austria, UK) | E15: A1-A3 | F15: m2 | G15: 29.63 | H15: 2027 | I15: steel
A16: EcoPlatform/IBU | B16: Metal Ceiling Membranes (1 mm, without acoustic infill) | C16: https://ibudata.lca-data.com/datasetdetail/process.xhtml?uuid=7607c965-2352-4394-9afb-7764538c9be3&version=00.05.000&stock=PUBLIC&lang=en | D16: Europe (Austria, UK) | E16: A1-A3 | F16: m2 | G16: 36.16 | H16: 2027 | I16: steel
... A25: EcoPlatform/IBU | B25: Metal Ceiling Tiles (0.5 mm, without acoustic infill) | C25: https://ibudata.lca-data.com/datasetdetail/process.xhtml?uuid=dc0557ec-f724-4b61-b25d-38665cbad37b&version=00.02.000&stock=PUBLIC&lang=en | D25: Europe (Austria, UK) | E25: A1-A3 | F25: m2 | G25: 17.03 | H25: 2027 | I25: steel
A26: EPD Denmark | B26: Metal ceiling systems made of steel | C26: https://www.epddanmark.dk/media/4y3d0jsw/md-19003-en-dampa-aps-taim-e-v.pdf | D26: Denmark | E26: A1-A3 | F26: m2 | G26: =2.79*6.83 -> 19.0557 | H26: 2024 | I26: steel
A27: EPD International | B27: METAL CEILING SYSTEMS STEEL/ALUMINIUM, SMOOTH/PERFORATED | C27: https://api.environdec.com/api/v1/EPDLibrary/Files/075acc06-3096-494f-932e-db8eb3cf546a/Data | D27: Spain | E27: A1-A3 | F27: m2 | G27: 27 | H27: 2024 | I27: panel Sicilia clip-in, steel
A28: EPD International | B28: METAL CEILING SYSTEMS STEEL/ALUMINIUM, SMOOTH/PERFORATED | C28: https://api.environdec.com/api/v1/EPDLibrary/Files/075acc06-3096-494f-932e-db8eb3cf546a/Data | D28: Spain | E28: A1-A3 | F28: m2 | G28: 27 | H28: 2024 | I28: panel Modena T24, steel
A29: EPD International | B29: METAL CEILING SYSTEMS STEEL/ALUMINIUM, SMOOTH/PERFORATED | C29: https://api.environdec.com/api/v1/EPDLibrary/Files/075acc06-3096-494f-932e-db8eb3cf546a/Data | D29: Spain | E29: A1-A3 | F29: m2 | G29: 24.3 | H29: 2024 | I29: panel Parma T15, steel
A30: EPD International | B30: METAL CEILING SYSTEMS STEEL/ALUMINIUM, SMOOTH/PERFORATED | C30: https://api.environdec.com/api/v1/EPDLibrary/Files/075acc06-3096-494f-932e-db8eb3cf546a/Data | D30: Spain | E30: A1-A3 | F30: m2 | G30: 16.2 | H30: 2024 | I30: panel Roma, steel
A31: EPD International | B31: METAL CEILING SYSTEMS STEEL/ALUMINIUM, SMOOTH/PERFORATED | C31: https://api.environdec.com/api/v1/EPDLibrary/Files/075acc06-3096-494f-932e-db8eb3cf546a/Data | D31: Spain | E31: A1-A3 | F31: m2 | G31: 19.6 | H31: 2024 | I31: panel Murano, steel
A32: EPD International | B32: METAL CEILING SYSTEMS STEEL/ALUMINIUM, SMOOTH/PERFORATED | C32: https://api.environdec.com/api/v1/EPDLibrary/Files/075acc06-3096-494f-932e-db8eb3cf546a/Data | D32: Spain | E32: A1-A3 | F32: m2 | G32: 17.3 | H32: 2024 | I32: panel Capri, steel
A33: EPD International | B33: METAL CEILING SYSTEMS STEEL/ALUMINIUM, SMOOTH/PERFORATED | C33: https://api.environdec.com/api/v1/EPDLibrary/Files/075acc06-3096-494f-932e-db8eb3cf546a/Data | D33: Spain | E33: A1-A3 | F33: m2 | G33: 22 | H33: 2024 | I33: stave Venezia, steel
A34: EPD International | B34: Integra Steel Ceiling System | C34: https://api.environdec.com/api/v1/EPDLibrary/Files/1d3b9fb8-cfbd-4042-530d-08dbd569605a/Dataa | D34: Turkey | E34: A1-A3 | F34: m2 | G34: 4.99 | H34: 2028 | I34: steel
A35: EPD International | B35: FALSE CEILING SYSTEMS AND EXTERNAL CLADDINGS MADE OF STEEL | C35: https://api.environdec.com/api/v1/EPDLibrary/Files/5be3727f-f5e0-4fc0-1669-08da0fd87809/Data | D35: Italy | E35: A1-A3 | F35: m2 | G35: =2.21*5.04 -> 11.1384 | H35: 2026 | I35: steel
A36: INIES | B36: METALLIC CEILING IN POSTLAQUE FOLD BINS (excluding installation accessories) | C36: https://www.base-inies.fr/iniesV4/dist/infos-produit | D36: France | E36: A1-A3 | F36: m2 | G36: 19.6 | H36: 2025 | I36: metal
A37: INIES | B37: METAL CEILING IN PRELAQUES FOLD BINS (excluding installation accessories) | C37: https://www.base-inies.fr/iniesV4/dist/infos-produit | D37: France | E37: A1-A3 | F37: m2 | G37: 15.1 | H37: 2025 | I37: metal
A38: INIES | B38: Gyptone® Activ'Air® Line 6 non-removable decorative and acoustic ceiling system with Isoconfort 35 60 mm | C38: https://www.base-inies.fr/iniesV4/dist/infos-produit | D38: France | E38: A1-A3 | F38: m2 | G38: 6.79 | H38: 2024 | I38: steel

Sheet EU-Raised access floors
A1: METAL LAY IN TILE CEILINGS
A2: source | B2: product | C2: website | D2: region | E2: modules | F2: unit | G2: kg CO2e/unit | H2: valid until | I2: notes | L2: embodied carbon | M2: unit
A3: IBU | B3: Raised Floor System, Type NORTEC | C3: https://www.lindner-group.com/fileadmin/user_upload/intranet/service/green_building/upds/boden/epd-gm-b-001-nortec--en.pdf | D3: Germany | E3: A1-A3 | F3: m2 | G3: 12.6 | H3: 2026 | K3: average | L3: =AVERAGE(G3:G4) -> 21.6 | M3: kgCO2e/m2
A4: EPD International | B4: TARGA RAISED ACCESS FLOORING SYSTEMS –CALCIUM SULPHATE CORE from ASPEN | C4: https://api.environdec.com/api/v1/EPDLibrary/Files/c87447d3-3041-4ccf-5324-08dbd569605a/Data | D4: Turkey | E4: A1-A3 | F4: m2 | G4: 30.6 | H4: 2028 | K4: stdev | L4: =STDEV(G3:G4) -> 12.727922 | M4: kgCO2e/m2

Sheet EU-Piping
A1: PLASTIC PIPES
A2: source | B2: product | C2: application | D2: website | E2: region | F2: modules | G2: unit | H2: kg CO2e/unit | I2: valid until | J2: notes | M2: embodied carbon | N2: unit
A3: AENOR | B3: POLYPROPYLENE (PP-R) AND POLYPROPYLENE WITH GLASS FIBER (PP- R+GF) HOT - COLD WATER PIPELINE SYSTEMS | C3: hot, cold water, heating system | D3: https://www.en.aenor.com/Producto_DAP_pdf/DAP%20Heliroma%20GEPD%20EN15804-016%20Final%20eng.pdf | E3: Spain | F3: A1-A3 | G3: kg | H3: 2.59 | I3: 2027 | J3: PP-R, PP-R+GF | L3: average | M3: =AVERAGE(H3:H149) -> 2.7279607 | N3: kgCO2e/kg
A4: AENOR | B4: MULTILAYER TEMPERATURE RESISTANT POLYETHYLENE (PE-RT) PIPELINE SYSTEMS AND POLYPHENYLSULPHONE (PPSU) FITTINGS FOR HOT - COLD WATER | C4: hot, cold water, heating system | D4: https://www.en.aenor.com/Producto_DAP_pdf/DAP%20Heliroma%20GEPD%20EN15804-017%20Final%20eng.pdf | E4: Spain | F4: A1-A3 | G4: kg | H4: 7.44 | I4: 2027 | J4: PE-RT, PPSU | L4: stdev | M4: =STDEV(H3:H149) -> 2.2174432 | N4: kgCO2e/kg
A5: CO2DATA | B5: Drinking water pipe, PEX | C5: potable water | D5: https://co2data.fi/rakentaminen/#en_id7000000465 | E5: Finland | F5: A1-A3 | G5: kg | H5: 3.93 | I5: - | J5: PEX
A6: EcoPlatform/BRE | B6: 1 m of blue / green pipe S / MF / MF-RP piping system | C6: heating and cooling | D6: https://www.greenbooklive.com/pdfdocs/en15804epd/BREGENEPD000475.pdf | E6: Germany | F6: A1-A3 | G6: kg | H6: =0.99/0.411 -> 2.4087591 | I6: 2028 | J6: PP-R and PP-RCT | L6: acronym | M6: meaning
A7: EcoPlatform/BRE | B7: 1 m of blue / green pipe S / MF / MF-RP piping system | C7: heating and cooling | D7: https://www.greenbooklive.com/pdfdocs/en15804epd/BREGENEPD000478.pdf | E7: Germany | F7: A1-A3 | G7: kg | H7: =4.35/1.568 -> 2.7742347 | I7: 2028 | J7: PP-R and PP-RCT | L7: PP-R/PPRC | M7: polypropylene random copolymer
A8: EcoPlatform/BRE | B8: 1 m of red pipe MF / MF-RP piping system | C8: sprinkler | D8: https://www.greenbooklive.com/pdfdocs/en15804epd/BREGENEPD000476.pdf | E8: Germany | F8: A1-A3 | G8: kg | H8: =1.21/0.294 -> 4.1156463 | I8: 2028 | J8: PP-R and PP-RCT | L8: GF | M8: glass fibers
A9: EcoPlatform/EPD International | B9: LK PAL Universal Pipe A Naked & Pipe in Pipe | C9: heating and cooling, potable water | D9: https://data.environdec.com/datasetdetail/process.xhtml?uuid=dab777c7-2a8e-4ec3-0a1b-08da54e30b17&version=07.00.015&lang=en | E9: Germany | F9: A1-A3 | G9: kg | H9: 8.16 | I9: 2027 | J9: PE-RT, aluminium, PE-RT | L9: PE-RT | M9: polyethylene of raised temperature
A10: EcoPlatform/EPD International | B10: LK PAL Universal Pipe A Naked/Pipe in Pipe/Insulated/Conduit & Insulated | C10: heating and cooling, potable water | D10: https://data.environdec.com/datasetdetail/process.xhtml?uuid=b7ecaeef-6f14-4eea-0a2c-08da54e30b17&version=07.00.015&lang=en | E10: Germany | F10: A1-A3 | G10: kg | H10: 8.16 | I10: 2027 | J10: PE-RT, aluminium, PE-RT | L10: PPSU | M10: polyphenylsulfone
A11: EcoPlatform/EPD International | B11: PPRC Pipes | C11: hot, cold water, heating system | D11: https://data.environdec.com/datasetdetail/process.xhtml?uuid=fbe7c563-55b5-44ac-7277-08da598ce856&version=07.00.015&lang=en | E11: Turkey | F11: A1-A3 | G11: kg | H11: 3.08 | I11: 2027 | J11: PPRC | L11: PP-RCT | M11: polypropylene random copolymer with modified crystallinity and temperature resistance
A12: EcoPlatform/EPD International | B12: Polyethylene Pressure Pipe | C12: hot, cold water, heating system | D12: https://data.environdec.com/datasetdetail/process.xhtml?uuid=d0038193-f540-40a6-72a5-08da598ce856&version=07.00.015&lang=en | E12: Turkey | F12: A1-A3 | G12: kg | H12: 3.23 | I12: 2028 | J12: PE
A13: EcoPlatform/EPD Italy | B13: POLYETHYLENE PIPE FOR WATER, GAS AND INDUSTRIAL APPLICATIONS TYPE “POLIETILENETUBI” | C13: water, gas and industrial fluids under pressure | D13: https://node.epditaly.it/datasetdetail/process.xhtml?uuid=10331b0b-f037-4713-9315-ed8b69e479d4&version=00.03.000&lang=en | E13: Italy | F13: A1-A3 | G13: kg | H13: =456/218 -> 2.0917431 | I13: 2028 | J13: HDPE, 100 m of 110 mm SDR 17 pipe, 218 kg
A14: EcoPlatform/EPD Italy | B14: POLYETHYLENE PIPING SYSTEM FOR WATER, GAS AND INDUSTRIAL APPLICATIONS TYPE “POLIETILENETUBI” AND ELOFIT | C14: water, gas and industrial fluids under pressure | D14: https://node.epditaly.it/datasetdetail/process.xhtml?uuid=0f3ae6eb-563f-471b-810a-a018cec5bc34&version=00.00.028&lang=en | E14: Italy | F14: A1-A3 | G14: kg | H14: =479/218 -> 2.1972477 | I14: 2024 | J14: HDPE, 100 m of 110 mm SDR 17 pipe, 218 kg | L14: HDPE | M14: high-density polyethylene
A15: EcoPlatform/EPD Norge | B15: Flowtite Pressure Pipe FP2.1 with coupling DN450-700, PN1-6, SN5000-10000 | C15: penstocks, pressure mains, water supply, and cooling water | D15: https://epdnorway.lca-data.com/datasetdetail/process.xhtml?uuid=4461c54f-e2ce-4e75-acec-fe8cfa115c8b&version=00.03.001&stock=PUBLIC&lang=en | E15: Europe | F15: A1-A3 | G15: kg | H15: 1.55 | I15: 2026 | J15: polyester resin, sand, glass | L15: PVC | M15: polyvinyl chloride
A16: EcoPlatform/EPD Norge | B16: Flowtite Pressure Pipe FP2.1 with coupling DN800-2000, PN1&6, SN5000&10000 | C16: penstocks, pressure mains, water supply, and cooling water | D16: https://epdnorway.lca-data.com/datasetdetail/process.xhtml?uuid=c38eb024-3489-44d0-97b6-5016fb3566c4&version=00.03.001&stock=PUBLIC&lang=en | E16: Europe | F16: A1-A3 | G16: kg | H16: 1.46 | I16: 2026 | J16: polyester resin, sand, glass | L16: PE | M16: polyethylene
A17: EcoPlatform/EPD Norge | B17: Flowtite Pressure Pipe FP2.1 with coupling DN1200-4000, PN10, SN5000 | C17: penstocks, pressure mains, water supply, and cooling water | D17: https://epdnorway.lca-data.com/datasetdetail/process.xhtml?uuid=c4219f63-44b0-4e42-9a7b-a53d2465c625&version=00.03.001&stock=PUBLIC&lang=en | E17: Europe | F17: A1-A3 | G17: kg | H17: 1.55 | I17: 2026 | J17: polyester resin, sand, glass | L17: PP | M17: polypropylene
A18: EcoPlatform/EPD Norge | B18: Flowtite Pressure Pipe FP2.1 with coupling DN2100-3800, PN1&6, SN5000&10000 | C18: penstocks, pressure mains, water supply, and cooling water | D18: https://epdnorway.lca-data.com/datasetdetail/process.xhtml?uuid=c50fea97-7818-47ce-9281-2cc26014001a&version=00.03.001&stock=PUBLIC&lang=en | E18: Europe | F18: A1-A3 | G18: kg | H18: 1.41 | I18: 2026 | J18: polyester resin, sand, glass | L18: PB | M18: polybutylene
A19: EcoPlatform/EPD Norge | B19: Flowtite Pressure Pipe FP2.1 with coupling DN300-400, PN1-6, SN5000-10000 and DN300-400, PN10, SN10000 | C19: penstocks, pressure mains, water supply, and cooling water | D19: https://epdnorway.lca-data.com/datasetdetail/process.xhtml?uuid=ca9e0e3f-de12-4b27-928c-5803d97bf075&version=00.04.001&stock=PUBLIC&lang=en | E19: Europe | F19: A1-A3 | G19: kg | H19: 1.72 | I19: 2026 | J19: polyester resin, sand, glass | L19: PEX | M19: cross-linked polyethylene
A20: EcoPlatform/EPD Norge | B20: Flowtite Pressure Pipe FP2.1 with coupling DN300-500, PN10, SN5000 | C20: penstocks, pressure mains, water supply, and cooling water | D20: https://epdnorway.lca-data.com/datasetdetail/process.xhtml?uuid=406f7e38-81e9-4cd3-8c02-adcac8c5e45a&version=00.03.001&stock=PUBLIC&lang=en | E20: Europe | F20: A1-A3 | G20: kg | H20: 1.8 | I20: 2026 | J20: polyester resin, sand, glass | L20: GRP | M20: glassfiber reinforced plastic
A21: EcoPlatform/EPD Norge | B21: Flowtite Pressure Pipe FP2.1 with coupling DN300-500, PN16, SN5000 | C21: penstocks, pressure mains, water supply, and cooling water | D21: https://epdnorway.lca-data.com/datasetdetail/process.xhtml?uuid=f84120c0-dadb-4a5f-bcdc-c483c9ec9ff9&version=00.03.001&stock=PUBLIC&lang=en | E21: Europe | F21: A1-A3 | G21: kg | H21: 2.18 | I21: 2026 | J21: polyester resin, sand, glass | L21: ABS | M21: acrylonitrile Butadiene Styrene
A22: EcoPlatform/EPD Norge | B22: Flowtite Pressure Pipe FP2.1 with coupling DN300-600, PN16, SN10000 | C22: penstocks, pressure mains, water supply, and cooling water | D22: https://epdnorway.lca-data.com/datasetdetail/process.xhtml?uuid=7ee6ad88-039b-466b-b819-682a1982ba72&version=00.03.001&stock=PUBLIC&lang=en | E22: Europe | F22: A1-A3 | G22: kg | H22: 1.88 | I22: 2026 | J22: polyester resin, sand, glass | L22: GFK/GFRP | M22: glass-fiber reinforced plastic
A23: EcoPlatform/EPD Norge | B23: Flowtite Pressure Pipe FP2.1 with coupling DN450-600, PN10, SN10000 | C23: penstocks, pressure mains, water supply, and cooling water | D23: https://epdnorway.lca-data.com/datasetdetail/process.xhtml?uuid=592da8b5-de5c-488e-8e2d-bf123945b5bc&version=00.03.001&stock=PUBLIC&lang=en | E23: Europe | F23: A1-A3 | G23: kg | H23: 1.58 | I23: 2026 | J23: polyester resin, sand, glass
A24: EcoPlatform/EPD Norge | B24: Flowtite Pressure Pipe FP2.1 with coupling DN600-1200, PN10, SN5000 | C24: penstocks, pressure mains, water supply, and cooling water | D24: https://epdnorway.lca-data.com/datasetdetail/process.xhtml?uuid=1e35d067-7242-423a-af8a-d718df8783ee&version=00.03.001&stock=PUBLIC&lang=en | E24: Europe | F24: A1-A3 | G24: kg | H24: 1.637 | I24: 2026 | J24: polyester resin, sand, glass
A25: EcoPlatform/EPD Norge | B25: Flowtite Pressure Pipe FP2.1 with coupling DN600-3400, PN16, SN5000 | C25: penstocks, pressure mains, water supply, and cooling water | D25: https://epdnorway.lca-data.com/datasetdetail/process.xhtml?uuid=8bab6010-5d46-472f-a28c-a676ce7ebeb4&version=00.03.001&stock=PUBLIC&lang=en | E25: Europe | F25: A1-A3 | G25: kg | H25: 2.023 | I25: 2026 | J25: polyester resin, sand, glass
A26: EcoPlatform/EPD Norge | B26: Flowtite Pressure Pipe FP2.1 with coupling DN700-3400, PN10, SN10000 | C26: penstocks, pressure mains, water supply, and cooling water | D26: https://epdnorway.lca-data.com/datasetdetail/process.xhtml?uuid=091ee3ff-7a67-405a-8060-22f1a0ef89d9&version=00.03.001&stock=PUBLIC&lang=enn | E26: Europe | F26: A1-A3 | G26: kg | H26: 1.429 | I26: 2026 | J26: polyester resin, sand, glass
A27: EcoPlatform/EPD Norge | B27: Flowtite Pressure Pipe FP2.1 with coupling DN700-3400, PN16, SN10000 | C27: penstocks, pressure mains, water supply, and cooling water | D27: https://epdnorway.lca-data.com/datasetdetail/process.xhtml?uuid=a1272267-206a-4b63-989a-afb6ea749e8a&version=00.03.001&stock=PUBLIC&lang=en | E27: Europe | F27: A1-A3 | G27: kg | H27: 1.724 | I27: 2026 | J27: polyester resin, sand, glass
A28: EcoPlatform/EPD Norge | B28: Flowtite Pressure Pipe FP2.1 with coupling DN500-3400, PN16, SN10000 | C28: penstocks, pressure mains, water supply, and cooling water | D28: https://epdnorway.lca-data.com/datasetdetail/process.xhtml?uuid=b4b0f338-3d4e-4a11-85c9-5b87db51dad1&version=00.03.001&stock=PUBLIC&lang=en | E28: Europe | F28: A1-A3 | G28: kg | H28: 1.683 | I28: 2027 | J28: polyester resin, sand, glass
A29: EcoPlatform/EPD Norge | B29: Hobas Pressure Pipe, Filled (VO), Spigot coupling DN700-3600, PN6, SN20000 | C29: pressure pipe | D29: https://epdnorway.lca-data.com/datasetdetail/process.xhtml?uuid=3354417f-b980-48ec-9db1-30e1cd018645&version=00.03.001&stock=PUBLIC&lang=en | E29: Europe | F29: A1-A3 | G29: kg | H29: 1.42 | I29: 2027 | J29: polyester resin, sand, glass
A30: EcoPlatform/EPD Norge | B30: Hobas Pressure Pipe, Unfilled (RO), Spigot-Coupling, DN1800-3600, PN6, SN12500-30000 | C30: pressure pipe | D30: https://epdnorway.lca-data.com/datasetdetail/process.xhtml?uuid=be2d5880-f014-4a47-a771-927a24a1ca54&version=00.03.001&stock=PUBLIC&lang=en | E30: Europe | F30: A1-A3 | G30: kg | H30: 1.634 | I30: 2027 | J30: polyester resin, sand, glass
A31: EcoPlatform/EPD Norge | B31: Pipe Pressure Hobas, Spigot-Coupling DN200, PN2-8, SN10000-16000 | C31: pressure pipe | D31: https://epdnorway.lca-data.com/datasetdetail/process.xhtml?uuid=45c4fa61-ef08-4cec-907d-85c1ff72d658&version=00.03.001&stock=PUBLIC&lang=en | E31: Europe | F31: A1-A3 | G31: kg | H31: 2.163 | I31: 2027 | J31: polyester resin, sand, glass
A32: EcoPlatform/EPD Norge | B32: Pipe Pressure Hobas, Spigot-Coupling DN500-3600, PN6, SN10000 | C32: pressure pipe | D32: https://epdnorway.lca-data.com/datasetdetail/process.xhtml?uuid=298d39f6-da28-44f8-873c-64db25ae4f43&version=00.03.001&stock=PUBLIC&lang=en | E32: Europe | F32: A1-A3 | G32: kg | H32: 1.548 | I32: 2027 | J32: polyester resin, sand, glass
A33: EcoPlatform/EPD Norge | B33: PE100 RC Pressure pipes SDR 17 | C33: pressure pipe, water supply | D33: https://epdnorway.lca-data.com/resource/datastocks/91413340-7bf0-4f88-a952-0f91cba685df/processes/d67ebaea-c946-4b4e-923b-708daece32be/epd?version=00.03.000 | E33: Denmark | F33: A1-A3 | G33: kg | H33: 2.23 | I33: 2028 | J33: HDPE
A34: EcoPlatform/EPD Norge | B34: PE100 RC Water Pressure pipes SDR 11 | C34: pressure pipe, water supply | D34: https://epdnorway.lca-data.com/resource/datastocks/91413340-7bf0-4f88-a952-0f91cba685df/processes/dfd03514-38a2-4e5a-95c1-b625eb1d4144/epd?version=00.03.000 | E34: Sweden | F34: A1-A3 | G34: kg | H34: 2.23 | I34: 2028 | J34: HDPE
... A38: EPD Norge | B38: PP Nordic Pipe | C38: soil, waste | D38: https://epdnorway.lca-data.com/datasetdetail/process.xhtml?uuid=ed7f7acd-bb3a-4f99-80ba-f70274c5e2b7&version=00.04.000&stock=PUBLIC&lang=en | E38: Sweden | F38: A1-A3 | G38: kg | H38: 2.247 | I38: 2028 | J38: PP
A39: EPD Norge | B39: Flowtite Sewer Pipe FS3.0 with coupling DN300, PN1, SN10000 | C39: acid resistance, sewer and storm water applications | D39: https://www.epd-norge.no/getfile.php/1321651-1637062227/EPDer/Byggevarer/Rørsystemer/NEPD-3245-1868_Flowtite-Sewer-Pipe-FS30-with-coupling---DN300--PN1--SN10000.pdf | E39: Europe | F39: A1-A3 | G39: kg | H39: =22.3/16.1 -> 1.3850932 | I39: 2026 | J39: polyester resin, sand, glass
A40: EPD Norge | B40: Flowtite Sewer Pipe FS3.0 with coupling DN350-700, PN1, SN10000 | C40: acid resistance, sewer and storm water applications | D40: https://www.epd-norge.no/getfile.php/1321645-1637062113/EPDer/Byggevarer/Rørsystemer/NEPD-3244-1869_Flowtite-Sewer-Pipe-FS30-with-coupling---DN350-700--PN1--SN10000.pdf | E40: Europe | F40: A1-A3 | G40: kg | H40: 1.41 | I40: 2026 | J40: polyester resin, sand, glass
A41: EPD Norge | B41: Flowtite Sewer Pipe FS3.0 with coupling DN800-2400, PN1, SN10000 | C41: acid resistance, sewer and storm water applications | D41: https://www.epd-norge.no/getfile.php/1321618-1637061283/EPDer/Byggevarer/Rørsystemer/NEPD-3240-1866_Flowtite-Sewer-Pipe-FS30-with-coupling---DN800-2400--PN1--SN10000.pdf | E41: Europe | F41: A1-A3 | G41: kg | H41: 1.27 | I41: 2026 | J41: polyester resin, sand, glass
A42: EPD Norge | B42: Flowtite Sewer Pipe FS3.0 with coupling DN800-3000, PN1, SN2500 & 5000 | C42: acid resistance, sewer and storm water applications | D42: https://www.epd-norge.no/getfile.php/1321612-1637061139/EPDer/Byggevarer/Rørsystemer/NEPD-3239-1873_Flowtite-Sewer-Pipe-FS30-with-coupling---DN800-3000--PN1--SN2500---5000.pdf | E42: Europe | F42: A1-A3 | G42: kg | H42: 1.34 | I42: 2026 | J42: polyester resin, sand, glass
A43: EPD Norge | B43: Hobas Pipe Sewer, Spigot-Coupling DN500-750, PN1 SN5000 | C43: acid resistance, sewer, drainage and storm water applications | D43: https://www.epd-norge.no/getfile.php/1322953-1646322771/EPDer/Byggevarer/Rørsystemer/NEPD-3384-2005_Hobas-Pipe-Sewer--Spigot-Coupling---DN500-750--PN1-SN5000.pdf | E43: Europe | F43: A1-A3 | G43: kg | H43: 1.55 | I43: 2027 | J43: polyester resin, sand, glass
A44: EPD Norge | B44: Hobas Pipe Sewer, Spigot-Coupling DN800-1400, PN1 SN5000 | C44: acid resistance, sewer, drainage and storm water applications | D44: https://www.epd-norge.no/getfile.php/1322947-1646322656/EPDer/Byggevarer/Rørsystemer/NEPD-3383-2004_Hobas-Pipe-Sewer--Spigot-Coupling---DN800-1400--PN1-SN5000.pdf | E44: Europe | F44: A1-A3 | G44: kg | H44: 1.34 | I44: 2027 | J44: polyester resin, sand, glass
A45: EPD Norge | B45: Hobas Sewer Pipe RO with FWC coupling DN1535-3600, PN1, SN10000 | C45: sewer | D45: https://www.epd-norge.no/getfile.php/1321549-1637059660/EPDer/Byggevarer/Rørsystemer/NEPD-3228-1879_Hobas-Sewer-Pipe-RO-with-FWC-coupling---DN1535-3600--PN1--SN10000.pdf | E45: Europe | F45: A1-A3 | G45: kg | H45: 1.52 | I45: 2026 | J45: polyester resin, sand, glass
A46: EPD Norge | B46: Hobas Sewer Pipe RO with FWC coupling DN250-350, PN1 & PN6, SN10000 | C46: sewer | D46: https://www.epd-norge.no/getfile.php/1321564-1637059993/EPDer/Byggevarer/Rørsystemer/NEPD-3231-1876_Hobas-Sewer-Pipe-RO-with-FWC-coupling---DN250-350--PN1---PN6--SN10000.pdf | E46: Europe | F46: A1-A3 | G46: kg | H46: 1.94 | I46: 2026 | J46: polyester resin, sand, glass
A47: EPD Norge | B47: Hobas Sewer Pipe RO with FWC coupling DN400-800, PN1 & PN6, SN10000 | C47: sewer | D47: https://www.epd-norge.no/getfile.php/1321531-1637059312/EPDer/Byggevarer/Rørsystemer/NEPD-3225-1882_Hobas-Sewer-Pipe-RO-with-FWC-coupling---DN400-800--PN1---PN6--SN10000.pdf | E47: Europe | F47: A1-A3 | G47: kg | H47: 1.81 | I47: 2026 | J47: polyester resin, sand, glass
A48: EPD Norge | B48: Hobas Sewer Pipe VO with coupling 6m, DN1200, PN1, SN5000 | C48: sewer | D48: https://www.epd-norge.no/getfile.php/1321552-1637059705/EPDer/Byggevarer/Rørsystemer/NEPD-3229-1878_Hobas-Sewer-Pipe-VO-with-coupling---6m--DN1200--PN1--SN5000.pdf | E48: Europe | F48: A1-A3 | G48: kg | H48: =199/171.6 -> 1.1596737 | I48: 2026 | J48: polyester resin, sand, glass
A49: EPD Norge | B49: Hobas Sewer Pipe VO with FWC coupling DN1535-3600, PN1, SN10000 & SN16000 & SN20000 | C49: sewer | D49: https://www.epd-norge.no/getfile.php/1321576-1637060294/EPDer/Byggevarer/Rørsystemer/NEPD-3233-1874_Hobas-Sewer-Pipe-VO-with-FWC-coupling---DN1535-3600--PN1--SN10000---SN16000---SN20000.pdf | E49: Europe | F49: A1-A3 | G49: kg | H49: 1.19 | I49: 2026 | J49: polyester resin, sand, glass
A50: EPD Norge | B50: Hobas Sewer Pipe VO with FWC coupling DN500-750, PN1, SN10000 | C50: sewer | D50: https://www.epd-norge.no/getfile.php/1321525-1637059380/EPDer/Byggevarer/Rørsystemer/NEPD-3224-1883_Hobas-Sewer-Pipe-VO-with-FWC-coupling---DN500-750--PN1--SN10000.pdf | E50: Europe | F50: A1-A3 | G50: kg | H50: 1.5 | I50: 2026 | J50: polyester resin, sand, glass
A51: EPD Norge | B51: Hobas Sewer Pipe VO with FWC coupling DN800-1500, PN1, SN10000 & SN16000 & SN20000 | C51: sewer | D51: https://www.epd-norge.no/getfile.php/1321558-1637059872/EPDer/Byggevarer/Rørsystemer/NEPD-3230-1877_Hobas-Sewer-Pipe-VO-with-FWC-coupling---DN800-1500--PN1--SN10000---SN16000---SN20000.pdf | E51: Europe | F51: A1-A3 | G51: kg | H51: 1.33 | I51: 2026 | J51: polyester resin, sand, glass
A52: EPD Norge | B52: INFRA Sewage pipes | C52: sewage | D52: https://epdnorway.lca-data.com/resource/datastocks/91413340-7bf0-4f88-a952-0f91cba685df/processes/8b38c66f-9881-4e20-a344-c9ce60a24549/epd?version=00.03.0000 | E52: Sweden | F52: A1-A3 | G52: kg | H52: 2.03 | I52: 2028 | J52: PP
A53: EPD Norge | B53: PE100 RC Pressure Sewage pipes in coil SDR 11 | C53: sewage | D53: https://epdnorway.lca-data.com/resource/datastocks/91413340-7bf0-4f88-a952-0f91cba685df/processes/ce30afea-c29b-461d-8b28-94fc30d7f227/epd?version=00.03.000 | E53: Sweden | F53: A1-A3 | G53: kg | H53: 2.23 | I53: 2028 | J53: HDPE
A54: EPD Norge | B54: PE100 RC Pressure Sewage pipes in coil SDR 17 | C54: sewage | D54: https://epdnorway.lca-data.com/datasetdetail/process.xhtml?uuid=54a707b0-9899-4364-ac8d-414f58580bd2&version=00.03.000&stock=PUBLIC&lang=en | E54: Sweden | F54: A1-A3 | G54: kg | H54: 2.23 | I54: 2028 | J54: HDPE
A55: EPD Norge | B55: PE100 RC Pressure Sewage pipes SDR 11 | C55: sewage | D55: https://epdnorway.lca-data.com/datasetdetail/process.xhtml?uuid=2ccbc5c5-0d6a-44ee-b221-1b3e6a2ef7c7&version=00.03.000&stock=PUBLIC&lang=en | E55: Sweden | F55: A1-A3 | G55: kg | H55: 2.23 | I55: 2028 | J55: HDPE
A56: EPD Norge | B56: PE100 RC Pressure Sewage pipes SDR 17 | C56: sewage | D56: https://epdnorway.lca-data.com/datasetdetail/process.xhtml?uuid=b7dfa016-6d93-46bc-b351-028c83ace4fd&version=00.03.000&stock=PUBLIC&lang=en | E56: Sweden | F56: A1-A3 | G56: kg | H56: 2.23 | I56: 2028 | J56: HDPE
A57: EPD Norge | B57: PP Sewage pipe | C57: sewage | D57: https://epdnorway.lca-data.com/datasetdetail/process.xhtml?uuid=b710a8c9-c845-4692-8069-5f06eada5645&version=00.04.000&stock=PUBLIC&lang=en | E57: Sweden | F57: A1-A3 | G57: kg | H57: 2.243 | I57: 2028 | J57: PP
A58: EPD Norge | B58: PVC Sewage pipe | C58: sewage | D58: https://www.epd-norge.no/getfile.php/1331726-1687794985/EPDer/Byggevarer/Rørsystemer/NEPD-4321-3560_PVC-Sewage-pipe-.pdf | E58: Sweden | F58: A1-A3 | G58: kg | H58: 1.81 | I58: 2028 | J58: PVC
A59: EPD Norge | B59: PVC Sewage pipe | C59: sewage | D59: https://epdnorway.lca-data.com/datasetdetail/process.xhtml?uuid=54595a96-9c5c-45bc-a55d-cdcdd286dea4&version=00.03.001&stock=PUBLIC&lang=en | E59: Norway | F59: A1-A3 | G59: kg | H59: 1.97 | I59: 2027 | J59: PVC
A60: EPD Norge | B60: PP Stilla Pipes | C60: soil, waste | D60: https://epdnorway.lca-data.com/datasetdetail/process.xhtml?uuid=729f0d9c-483d-44a2-be53-6d6414c0723a&version=00.04.000&stock=PUBLIC&lang=en | E60: Sweden | F60: A1-A3 | G60: kg | H60: 1.99 | I60: 2028 | J60: PP
... A73: EPD-Hub | B73: Master 3 Plus (soil and waste) | C73: soil, waste | D73: https://manage.epdhub.com/# | E73: Finland | F73: A1-A3 | G73: kg | H73: 2.04 | I73: 2027 | J73: PP
A74: EPD-Hub | B74: Terrain FUZE HDPE Soil and Waste Pipe | C74: soil, waste | D74: https://manage.epdhub.com/# | E74: UK | F74: A1-A3 | G74: kg | H74: =2.78/1.485 -> 1.8720539 | I74: 2028 | J74: HDPE
A75: EPD-Hub | B75: Terrain PVC Soil and Waste Pipe 110mm Grey | C75: soil, waste | D75: https://manage.epdhub.com/# | E75: UK | F75: A1-A3 | G75: kg | H75: =2.02/1.74 -> 1.1609195 | I75: 2028 | J75: PVC
A76: EPD-Hub | B76: GIGAPIPE PE pipe | C76: sewage | D76: https://manage.epdhub.com/# | E76: Latvia | F76: A1-A3 | G76: kg | H76: 2.07 | I76: 2027 | J76: PE
A77: EPD-Hub | B77: GIGAPIPE PP pipe | C77: sewage | D77: https://manage.epdhub.com/# | E77: Latvia | F77: A1-A3 | G77: kg | H77: 2.11 | I77: 2027 | J77: PP
A78: EPD-Hub | B78: Ultra Classic, Ultra Double Pipes | C78: sewage | D78: https://manage.epdhub.com/# | E78: Finland | F78: A1-A3 | G78: kg | H78: 2.19 | I78: 2028 | J78: PP
A79: EPD-Hub | B79: Ultra Rib 2 | C79: sewage | D79: https://manage.epdhub.com/# | E79: Sweden | F79: A1-A3 | G79: kg | H79: 2.07 | I79: 2027 | J79: PP
A80: EPD-Hub | B80: Ultra Rib 2 Blue | C80: sewage | D80: https://manage.epdhub.com/# | E80: Sweden | F80: A1-A3 | G80: kg | H80: 0.827 | I80: 2027 | J80: PP
A81: EPD-Hub | B81: Weholite | C81: sewage | D81: https://manage.epdhub.com/# | E81: Poland | F81: A1-A3 | G81: kg | H81: 2.14 | I81: 2027 | J81: PE
A82: EPD-Hub | B82: Weholite PLUS | C82: sewage | D82: https://manage.epdhub.com/# | E82: Poland | F82: A1-A3 | G82: kg | H82: 1.82 | I82: 2027 | J82: PE
A83: EPD-Hub | B83: Double wall pipes for rain water (PE) | C83: rainwater | D83: https://manage.epdhub.com/# | E83: Sweden | F83: A1-A3 | G83: kg | H83: 2.02 | I83: 2027 | J83: PE
A84: EPD-Hub | B84: HT PP Nordic Pipes | C84: soil, waste | D84: https://manage.epdhub.com/# | E84: Finland | F84: A1-A3 | G84: kg | H84: 2.25 | I84: 2027 | J84: PP
A85: EPDInternational | B85: FITT Bluforce - PVC-A polymer alloy pipes | C85: cold water, sewerage | D85: https://api.environdec.com/api/v1/EPDLibrary/Files/fbbaf15c-6386-49db-81fd-08d941d5f1c9/Data | E85: Italy | F85: A1-A3 | G85: kg | H85: 2.45 | I85: 2026 | J85: PVC-A
A86: EPDInternational | B86: LK PAL Universal Pipe A, straight | C86: hot, cold water, heating system, potable water | D86: https://api.environdec.com/api/v1/EPDLibrary/Files/d148be70-64ea-4be4-1556-08daab5a6b31/Data | E86: Germany | F86: A1-A3 | G86: kg | H86: 4.69 | I86: 2027 | J86: PE-RT, AL, PE-RT
A87: EPDInternational | B87: LK PAL Universal Pipe A, coiled | C87: hot, cold water, heating system, potable water | D87: https://api.environdec.com/api/v1/EPDLibrary/Files/86e90e94-4dda-4309-87a9-08db523a4d9e/Dataa | E87: Germany | F87: A1-A3 | G87: kg | H87: 3.63 | I87: 2027 | J87: PE-RT, AL, PE-RT
... A98: EPDInternational | B98: Cross-linked polyethilene and multilayer piping system | C98: hot, cold water, heating and cooling, potable water | D98: https://api.environdec.com/api/v1/EPDLibrary/Files/f5bf5a21-223c-403e-816f-08d941d5f1c9/Data | E98: Spain | F98: A1-A3 | G98: kg | H98: 11.8 | I98: 2026 | J98: PEX
A99: EPDInternational | B99: Glassfiber Reinforced Plastic (GRP) Pipes | C99: water, wastewater, sewer | D99: https://epd.dijitalpanel.site/Upload/epdturkey.com/Products/Images/64de2a36b897d-EN%20S-P-04076_Construction_Subor_CRP%20Pipes_EN_EPDTurkey.pdf | E99: Turkey | F99: A1-A3 | G99: kg | H99: =1650/1000 -> 1.65 | I99: 2026 | J99: GRP
A100: EPDInternational | B100: Multilayer Polypropylene Pipes | C100: soil, waste | D100: https://api.environdec.com/api/v1/EPDLibrary/Files/b330e488-ed85-48f2-341e-08d8d4a0e2bb/Dataa | E100: Spain | F100: A1-A3 | G100: kg | H100: 2.74 | I100: 2024 | J100: PP
A101: INIES | B101: Système SuperTube | C101: rainwater and wastewater | D101: https://www.base-inies.fr/iniesV4/dist/infos-produit | E101: France | F101: A1-A3 | G101: kg | H101: =9.12/3.68 -> 2.4782609 | I101: 2025 | J101: PE
A102: INIES | B102: ECOBOX DN/ID1030 pipe system, accessories included (Excluding trenching and filling) | C102: rainwater and wastewater | D102: https://www.base-inies.fr/iniesV4/dist/infos-produitt | E102: France | F102: A1-A3 | G102: kg | H102: =103.46/58.2 -> 1.7776632 | I102: 2028 | J102: PE
A103: INIES | B103: ECOBOX DN/ID1200 pipe system, accessories included (Excluding digging and trench filling) | C103: rainwater and wastewater | D103: https://www.base-inies.fr/iniesV4/dist/infos-produitt | E103: France | F103: A1-A3 | G103: kg | H103: =136/75.9 -> 1.7918314 | I103: 2028 | J103: PE
A104: INIES | B104: ECOBOX DN/ID300 piping system, accessories included (Excluding trenching and filling) | C104: rainwater and wastewater | D104: https://www.base-inies.fr/iniesV4/dist/infos-produitt | E104: France | F104: A1-A3 | G104: kg | H104: =3.97/4.67 -> 0.85010707 | I104: 2028 | J104: PE
A105: INIES | B105: ECOBOX DN/ID400 piping system, accessories included (Excluding trenching and filling) | C105: rainwater and wastewater | D105: https://www.base-inies.fr/iniesV4/dist/infos-produitt | E105: France | F105: A1-A3 | G105: kg | H105: =9.33/8.44 -> 1.1054502 | I105: 2028 | J105: PE
A106: INIES | B106: ECOBOX DN/ID500 piping system, accessories included (Excluding trenching and filling) | C106: rainwater and wastewater | D106: https://www.base-inies.fr/iniesV4/dist/infos-produitt | E106: France | F106: A1-A3 | G106: kg | H106: =14.9/14.3 -> 1.041958 | I106: 2028 | J106: PE
A107: INIES | B107: ECOBOX DN/ID600 piping system, accessories included (Excluding trenching and filling) | C107: rainwater and wastewater | D107: https://www.base-inies.fr/iniesV4/dist/infos-produitt | E107: France | F107: A1-A3 | G107: kg | H107: =23.6/19.1 -> 1.2356021 | I107: 2028 | J107: PE
A108: INIES | B108: ECOBOX DN/ID800 pipe system, accessories included (Excluding trenching and filling) | C108: rainwater and wastewater | D108: https://www.base-inies.fr/iniesV4/dist/infos-produit | E108: France | F108: A1-A3 | G108: kg | H108: =47.4/33.7 -> 1.4065282 | I108: 2028 | J108: PE
A109: INIES | B109: FRIAPHON pipe | C109: rainwater and wastewater | D109: https://www.base-inies.fr/iniesV4/dist/infos-produitt | E109: France | F109: A1-A3 | G109: kg | H109: =5.77/2.63 -> 2.1939163 | I109: 2025 | J109: PVC
A110: INIES | B110: HTA-E pipe | C110: rainwater and wastewater | D110: https://www.base-inies.fr/iniesV4/dist/infos-produit | E110: France | F110: A1-A3 | G110: kg | H110: =7.28/5.34 -> 1.3632959 | I110: 2025 | J110: PVC
A111: INIES | B111: CHUTUNIC | C111: rainwater and wastewater | D111: https://www.base-inies.fr/iniesV4/dist/infos-produit | E111: France | F111: A1-A3 | G111: kg | H111: =3.5/1.59 -> 2.2012579 | I111: 2025 | J111: PVC
A112: INIES | B112: HOMETECH | C112: rainwater and wastewater | D112: https://www.base-inies.fr/iniesV4/dist/infos-produit | E112: France | F112: A1-A3 | G112: kg | H112: =2.79/1.81 -> 1.5414365 | I112: 2025 | J112: PVC
A113: INIES | B113: Buried PVC rainwater sanitation pipe, collector diameter 315 mm CR8 excluding digging and trench filling | C113: rainwater and wastewater | D113: https://www.base-inies.fr/iniesV4/dist/infos-produit | E113: France | F113: A1-A3 | G113: kg | H113: =11.6/10.9 -> 1.0642202 | I113: 2024 | J113: PVC
A114: INIES | B114: PVC pipes for a complete wastewater and valve water drainage network including collection, ventilation and evacuation | C114: rainwater and wastewater | D114: https://www.base-inies.fr/iniesV4/dist/infos-produit | E114: France | F114: A1-A3 | G114: kg | H114: =2.74/1.44 -> 1.9027778 | I114: 2024 | J114: PVC
A115: INIES | B115: PVC buried sanitation network, collector diameter 200 mm CR8, excluding digging and trench filling | C115: rainwater and wastewater | D115: https://www.base-inies.fr/iniesV4/dist/infos-produit | E115: France | F115: A1-A3 | G115: kg | H115: =6.6/6.38 -> 1.0344828 | I115: 2024 | J115: PVC
A116: INIES | B116: POLO-ECO plus Premium DN 110 à DN 200 (Hors creusement et comblement des tranchées) | C116: rainwater and wastewater | D116: https://www.base-inies.fr/iniesV4/dist/infos-produit | E116: France | F116: A1-A3 | G116: kg | H116: =10.3/6.1 -> 1.6885246 | I116: 2025 | J116: PP
A117: INIES | B117: POLO-ECO plus Premium DN 250 à DN 500 (Hors creusement et comblement des tranchées) | C117: rainwater and wastewater | D117: https://www.base-inies.fr/iniesV4/dist/infos-produit | E117: France | F117: A1-A3 | G117: kg | H117: =69/40.7 -> 1.6953317 | I117: 2025 | J117: PP
A118: INIES | B118: POLO-ECO plus Premium DN 630 à DN 1000 (Hors creusement et comblement des tranchées) | C118: rainwater and wastewater | D118: https://www.base-inies.fr/iniesV4/dist/infos-produit | E118: France | F118: A1-A3 | G118: kg | H118: =373/200 -> 1.865 | I118: 2025 | J118: PP
A119: INIES | B119: Pipes for sewerage systems - PP Master 10 DN200 (and DN160) | C119: rainwater and wastewater | D119: https://www.base-inies.fr/iniesV4/dist/infos-produit | E119: France | F119: A1-A3 | G119: kg | H119: =9.89/5.18 -> 1.9092664 | I119: 2025 | J119: PP
A120: INIES | B120: Pipes for sewerage networks - PP Master 10 DN315 (and DN250) | C120: rainwater and wastewater | D120: https://www.base-inies.fr/iniesV4/dist/infos-produit | E120: France | F120: A1-A3 | G120: kg | H120: =25.3/13.3 -> 1.9022556 | I120: 2025 | J120: PP
A121: INIES | B121: HYDRODISTRIBUTION PIPES PEX PB (v.1.2) | C121: water supply | D121: https://www.base-inies.fr/iniesV4/dist/infos-produit | E121: France | F121: A1-A3 | G121: kg | H121: =0.152/0.153 -> 0.99346405 | I121: 2025 | J121: PB
A122: INIES | B122: MULTILAYER HYDRODISTRIBUTION PIPES | C122: water supply | D122: https://www.base-inies.fr/iniesV4/dist/infos-produit | E122: France | F122: A1-A3 | G122: kg | H122: =0.516/0.237 -> 2.1772152 | I122: 2025 | J122: PE
A123: INIES | B123: POLYETHYLENE (HDPE) DRINKING WATER SUPPLY PIPES DN160/PN10, excluding trench digging and filling | C123: rainwater and wastewater | D123: https://www.base-inies.fr/iniesV4/dist/infos-produit | E123: France | F123: A1-A3 | G123: kg | H123: =10.3/4.57 -> 2.2538293 | I123: 2025 | J123: HDPE
A124: INIES | B124: POLYETHYLENE (HDPE) DRINKING WATER SUPPLY PIPES DN250/PN10, excluding trench digging and filling | C124: rainwater and wastewater | D124: https://www.base-inies.fr/iniesV4/dist/infos-produit | E124: France | F124: A1-A3 | G124: kg | H124: =24.3/11.1 -> 2.1891892 | I124: 2025 | J124: HDPE
A125: INIES | B125: POLYETHYLENE (HDPE) DRINKING WATER SUPPLY PIPES DN400/PN16, excluding trenching and filling | C125: rainwater and wastewater | D125: https://www.base-inies.fr/iniesV4/dist/infos-produit | E125: France | F125: A1-A3 | G125: kg | H125: =87.3/42 -> 2.0785714 | I125: 2025 | J125: HDPE
...

Sheet EU-Elevators
A1: ELEVATORS
A2: source | B2: product | C2: website | D2: region | E2: modules | F2: unit | G2: kg eCO2/unit | H2: valid until | I2: total mass | J2: tkm | K2: kg CO2e/unit | L2: floors | M2: travel distance | N2: normalized/floor | O2: normalized/height | P2: use | R2: RES | S2: embodied carbon | T2: unit
A3: EcoPlatform/EPDInternational | B3: OTIS Gen2 Life® elevator (UC2) | C3: https://data.environdec.com/datasetdetail/process.xhtml?uuid=698f6f32-1cf1-4db4-a140-14a6966bc7b4&version=07.00.015&lang=en | D3: Europe (Germany, France, Spain) | E3: A1-A3 | F3: tkm | G3: 22.5 | H3: 2028 | I3: 2609 | J3: =290 -> 290 | K3: =G3*J3 -> 6525 | L3: 5 | M3: 11 | N3: =K3/L3 -> 1305 | O3: =K3/M3 -> 593.18182 | P3: RES | R3: average | S3: =AVERAGE(N3:N15,N18:N19,N23:N24,N29,N32:N33)*AVERAGE(L3:L15,L18:L19,L23:L24,L29,L32:L33) -> 10046.482 | T3: kgCO2e/unit
A4: EcoPlatform/EPDInternational | B4: OTIS Gen2 Stream® elevator (UC3) | C4: https://data.environdec.com/datasetdetail/process.xhtml?uuid=89e43200-848d-4d2e-b7d7-55c35ad0fb28&version=07.00.015&lang=en | D4: Europe (Germany, France, Spain) | E4: A1-A3 | F4: tkm | G4: 9.07 | H4: 2028 | I4: 7030 | J4: 2128 | K4: =G4*J4 -> 19300.96 | L4: 12 | M4: 35 | N4: =K4/L4 -> 1608.4133 | O4: =K4/M4 -> 551.456 | P4: RES | R4: stdev | S4: =_xlfn.STDEV.S(N3:N15,N18:N19,N23:N24,N29,N32:N33)*AVERAGE(L3:L15,L18:L19,L23:L24,L29,L32:L33) -> 3060.4596 | T4: kgCO2e/unit
A5: EcoPlatform/EPDInternational | B5: OTIS Gen2 Stream High Rise® elevator (UC4) | C5: https://data.environdec.com/datasetdetail/process.xhtml?uuid=bc31e532-9c8e-4020-abeb-a8916104f539&version=07.00.015&lang=en | D5: Europe (Germany, France, Spain) | E5: A1-A3 | F5: tkm | G5: 3.03 | H5: 2028 | I5: 12564 | J5: 10625 | K5: =G5*J5 -> 32193.75 | L5: 14 | M5: 63 | N5: =K5/L5 -> 2299.5536 | O5: =K5/M5 -> 511.0119 | P5: RES
A6: EcoPlatform/EPDInternational | B6: Schindler 5500 modular passenger elevator (UC3) | C6: https://data.environdec.com/datasetdetail/process.xhtml?uuid=23bd973f-7649-4ebb-a5a7-2af1862493a4&version=07.00.015&lang=en | D6: Europe | E6: A1-A3 | F6: tkm | G6: 9.48 | H6: 2027 | I6: 4789 | J6: 1268 | K6: =G6*J6 -> 12020.64 | L6: 8 | M6: 21 | N6: =K6/L6 -> 1502.58 | O6: =K6/M6 -> 572.41143 | P6: RES | R6: COM/IND | S6: embodied carbon | T6: unit
A7: EcoPlatform/EPDInternational | B7: Schindler 5500 modular passenger elevator (UC4) | C7: https://data.environdec.com/datasetdetail/process.xhtml?uuid=23bd973f-7649-4ebb-a5a7-2af1862493a4&version=07.00.015&lang=en | D7: Europe | E7: A1-A3 | F7: tkm | G7: 3.17 | H7: 2027 | I7: 4789 | J7: 3794 | K7: =G7*J7 -> 12026.98 | L7: 8 | M7: 21 | N7: =K7/L7 -> 1503.3725 | O7: =K7/M7 -> 572.71333 | P7: RES | R7: average | S7: =AVERAGE(N16:N17,N20:N22,N25:N28,N30:N31,N34:N35)*AVERAGE(L16:L17,L20:L22,L25:L28,L30:L31,L34:L35) -> 56468.179 | T7: kgCO2e/unit
A8: EcoPlatform/EPDInternational | B8: Elevator with KONE MonoSpace® Upgrade DX (UC3) | C8: https://data.environdec.com/datasetdetail/process.xhtml?uuid=14e52cad-c61d-491e-d24c-08db150ad048&version=07.00.015&lang=en | D8: Finland | E8: A1-A3 | F8: tkm | G8: 4.0856 | H8: 2028 | I8: 131 | J8: 456 | K8: =G8*J8 -> 1863.0336 | L8: 4 | M8: 12 | N8: =K8/L8 -> 465.7584 | O8: =K8/M8 -> 155.2528 | P8: RES | R8: stdev | S8: =STDEV(N16:N17,N20:N22,N25:N28,N30:N31,N34:N35)*AVERAGE(L16:L17,L20:L22,L25:L28,L30:L31,L34:L35) -> 27957.833 | T8: kgCO2e/unit
A9: EPD LCA database | B9: KONE MonoSpace(R) 500 DX Elevator (UC3) | C9: https://cer.rts.fi/wp-content/uploads/rts_69_20-kone_monospace_300_dx_epd_22-03.pdff | D9: Finland | E9: A1-A3 | F9: tkm | G9: 11.132 | H9: 2025 | I9: 2803 | J9: 761 | K9: =G9*J9 -> 8471.452 | L9: 5 | M9: 12 | N9: =K9/L9 -> 1694.2904 | O9: =K9/M9 -> 705.95433 | P9: RES
A10: EPDInternational | B10: EOX TK Elevator (UC1) | C10: https://api.environdec.com/api/v1/EPDLibrary/Files/015c245e-e403-4e0e-764c-08db719c9c63/Data | D10: Spain | E10: A1-A3 | F10: tkm | G10: 32.2 | H10: 2028 | I10: 2333 | J10: 129 | K10: =G10*J10 -> 4153.8 | L10: 4 | M10: 12.25 | N10: =K10/L10 -> 1038.45 | O10: =K10/M10 -> 339.08571 | P10: RES
A11: EPDInternational | B11: EOX TK Elevator (UC2) | C11: https://api.environdec.com/api/v1/EPDLibrary/Files/015c245e-e403-4e0e-764c-08db719c9c63/Data | D11: Spain | E11: A1-A3 | F11: tkm | G11: 12.9 | H11: 2028 | I11: 2333 | J11: 324 | K11: =G11*J11 -> 4179.6 | L11: 4 | M11: 12.25 | N11: =K11/L11 -> 1044.9 | O11: =K11/M11 -> 341.19184 | P11: RES | R11: acronym | S11: meaning
A12: EPDInternational | B12: EOX TK Elevator (UC3) | C12: https://api.environdec.com/api/v1/EPDLibrary/Files/015c245e-e403-4e0e-764c-08db719c9c63/Data | D12: Spain | E12: A1-A3 | F12: tkm | G12: 5.36 | H12: 2028 | I12: 2333 | J12: 776 | K12: =G12*J12 -> 4159.36 | L12: 4 | M12: 12.25 | N12: =K12/L12 -> 1039.84 | O12: =K12/M12 -> 339.53959 | P12: RES | R12: tkm | S12: A tonne-kilometre is a measurement unit corresponding to the transport of one ton over a distance of one kilometre.
A13: EPDInternational | B13: OTIS Genesis elevator (UC2) | C13: https://api.environdec.com/api/v1/EPDLibrary/Files/c8dd2f54-7217-4864-c9ae-08da00e21b69/Data | D13: Europe (Germany, France, Spain) | E13: A1-A3 | F13: tkm | G13: 23.5 | H13: 2027 | I13: 2609 | J13: 291 | K13: =G13*J13 -> 6838.5 | L13: 5 | M13: 11 | N13: =K13/L13 -> 1367.7 | O13: =K13/M13 -> 621.68182 | P13: RES
A14: EPDInternational | B14: OTIS Gen360™ Low duty platform (UC2) | C14: https://api.environdec.com/api/v1/EPDLibrary/Files/93e74f72-c77d-4e77-fc41-08d9bd3aaab3/Dataa | D14: Europe (Germany, France, Spain) | E14: A1-A3 | F14: tkm | G14: 14.6 | H14: 2026 | I14: 2574 | J14: 434 | K14: =G14*J14 -> 6336.4 | L14: 4 | M14: 16.7 | N14: =K14/L14 -> 1584.1 | O14: =K14/M14 -> 379.42515 | P14: RES
A15: EPDInternational | B15: OTIS Gen360™ platform (UC3) | C15: https://api.environdec.com/api/v1/EPDLibrary/Files/23dcbd34-8c51-476d-8736-08d9d73a4e22/Data | D15: Europe (Germany, France, Spain) | E15: A1-A3 | F15: tkm | G15: 9.73 | H15: 2027 | I15: 3564 | J15: 893 | K15: =G15*J15 -> 8688.89 | L15: 4 | M15: 15 | N15: =K15/L15 -> 2172.2225 | O15: =K15/M15 -> 579.25933 | P15: RES
A16: EPDInternational | B16: OTIS SkyRise elevator single deck (UC4) | C16: https://api.environdec.com/api/v1/EPDLibrary/Files/8f18d024-5a86-4e7b-ab82-08da599e304a/Data | D16: Europe (Germany) | E16: A1-A3 | F16: tkm | G16: 5.25 | H16: 2027 | I16: 30041 | J16: 18018 | K16: =G16*J16 -> 94594.5 | L16: 35 | M16: 150 | N16: =K16/L16 -> 2702.7 | O16: =K16/M16 -> 630.63 | P16: COM/IND
A17: EPDInternational | B17: OTIS SkyRise elevator double deck (UC5) | C17: https://api.environdec.com/api/v1/EPDLibrary/Files/b63d5638-8f0c-4f87-ab86-08da599e304a/Data | D17: Europe (Germany, France, Spain) | E17: A1-A3 | F17: tkm | G17: 2.2 | H17: 2027 | I17: 65303 | J17: 87061 | K17: =G17*J17 -> 191534.2 | L17: 20 | M17: 200 | N17: =K17/L17 -> 9576.71 | O17: =K17/M17 -> 957.671 | P17: COM/IND
A18: EPDInternational | B18: Synergy elevator system, UC1 | C18: https://api.environdec.com/api/v1/EPDLibrary/Files/a2d115be-62c6-4bf7-f4a3-08da17f54cd6/Dataa | D18: Spain | E18: A1-A3 | F18: tkm | G18: 36.9 | H18: 2027 | I18: 3747 | J18: 196 | K18: =G18*J18 -> 7232.4 | L18: 4 | M18: 12.25 | N18: =K18/L18 -> 1808.1 | O18: =K18/M18 -> 590.4 | P18: RES
A19: EPDInternational | B19: Synergy elevator system, UC2 | C19: https://api.environdec.com/api/v1/EPDLibrary/Files/a2d115be-62c6-4bf7-f4a3-08da17f54cd6/Dataa | D19: Spain | E19: A1-A3 | F19: tkm | G19: 14.7 | H19: 2027 | I19: 3747 | J19: 490 | K19: =G19*J19 -> 7203 | L19: 4 | M19: 12.25 | N19: =K19/L19 -> 1800.75 | O19: =K19/M19 -> 588 | P19: RES
A20: EPDInternational | B20: evolution 100 | 200 | 300, UC2 | C20: https://api.environdec.com/api/v1/EPDLibrary/Files/cc4f0d93-1533-4b1e-054c-08d9b9685fa2/Data | D20: Europe (Germany, France, Spain) | E20: A1-A3 | F20: tkm | G20: 40.5 | H20: 2026 | I20: 4438 | J20: 302 | K20: =G20*J20 -> 12231 | L20: 4 | M20: 12 | N20: =K20/L20 -> 3057.75 | O20: =K20/M20 -> 1019.25 | P20: COM/IND
A21: EPDInternational | B21: evolution 100 | 200 | 300, UC3 | C21: https://api.environdec.com/api/v1/EPDLibrary/Files/cc4f0d93-1533-4b1e-054c-08d9b9685fa2/Data | D21: Europe (Germany, France, Spain) | E21: A1-A3 | F21: tkm | G21: 16.9 | H21: 2026 | I21: 4438 | J21: 724 | K21: =G21*J21 -> 12235.6 | L21: 4 | M21: 12 | N21: =K21/L21 -> 3058.9 | O21: =K21/M21 -> 1019.6333 | P21: COM/IND
A22: EPDInternational | B22: evolution 100 | 200 | 300, UC4 | C22: https://api.environdec.com/api/v1/EPDLibrary/Files/cc4f0d93-1533-4b1e-054c-08d9b9685fa2/Data | D22: Europe (Germany, France, Spain) | E22: A1-A3 | F22: tkm | G22: 5.64 | H22: 2026 | I22: 4438 | J22: 2168 | K22: =G22*J22 -> 12227.52 | L22: 4 | M22: 12 | N22: =K22/L22 -> 3056.88 | O22: =K22/M22 -> 1018.96 | P22: COM/IND
A23: EPDInternational | B23: Schindler 1000, Schindler 1000 Plus, Schindler 3000, Schindler 3000 Plus (UC2) | C23: https://api.environdec.com/api/v1/EPDLibrary/Files/f4ebb42e-38a2-450f-82e7-08da54e4347e/Data | D23: Europe | E23: A1-A3 | F23: tkm | G23: 18.8 | H23: 2026 | I23: 2557 | J23: 340 | K23: =G23*J23 -> 6392 | L23: 4 | M23: 12 | N23: =K23/L23 -> 1598 | O23: =K23/M23 -> 532.66667 | P23: RES
A24: EPDInternational | B24: Schindler 1000, Schindler 1000 Plus, Schindler 3000, Schindler 3000 Plus (UC3) | C24: https://api.environdec.com/api/v1/EPDLibrary/Files/f4ebb42e-38a2-450f-82e7-08da54e4347e/Data | D24: Europe | E24: A1-A3 | F24: tkm | G24: 7.84 | H24: 2026 | I24: 2557 | J24: 815 | K24: =G24*J24 -> 6389.6 | L24: 4 | M24: 12 | N24: =K24/L24 -> 1597.4 | O24: =K24/M24 -> 532.46667 | P24: RES
A25: EPDInternational | B25: Orona next smart+ lift (S16), UC3 | C25: https://api.environdec.com/api/v1/EPDLibrary/Files/cdac101a-c4cc-4bb6-6959-08d9b3ca1199/Data | D25: Spain | E25: A1-A3 | F25: tkm | G25: 27.4 | H25: 2026 | I25: - | J25: 669 | K25: =G25*J25 -> 18330.6 | L25: 3 | M25: 7.6 | N25: =K25/L25 -> 6110.2 | O25: =K25/M25 -> 2411.9211 | P25: COM/IND
A26: EPDInternational | B26: Orona next smart+ lift (S18), UC3 | C26: https://api.environdec.com/api/v1/EPDLibrary/Files/cdac101a-c4cc-4bb6-6959-08d9b3ca1199/Data | D26: Spain | E26: A1-A3 | F26: tkm | G26: 41.4 | H26: 2026 | I26: - | J26: 966 | K26: =G26*J26 -> 39992.4 | L26: 4 | M26: 12 | N26: =K26/L26 -> 9998.1 | O26: =K26/M26 -> 3332.7 | P26: COM/IND
A27: EPDInternational | B27: Orona next smart lift (S15), UC2 | C27: https://api.environdec.com/api/v1/EPDLibrary/Files/3f6f5282-6ed7-44ee-695d-08d9b3ca1199/Data | D27: Spain | E27: A1-A3 | F27: tkm | G27: 44 | H27: 2026 | I27: - | J27: 302 | K27: =G27*J27 -> 13288 | L27: 4 | M27: 12 | N27: =K27/L27 -> 3322 | O27: =K27/M27 -> 1107.3333 | P27: COM/IND
A28: EPDInternational | B28: Orona next smart lift (S19), UC2 | C28: https://api.environdec.com/api/v1/EPDLibrary/Files/3f6f5282-6ed7-44ee-695d-08d9b3ca1199/Data | D28: Spain | E28: A1-A3 | F28: tkm | G28: 49.5 | H28: 2026 | I28: - | J28: 377 | K28: =G28*J28 -> 18661.5 | L28: 5 | M28: 15 | N28: =K28/L28 -> 3732.3 | O28: =K28/M28 -> 1244.1 | P28: COM/IND
A29: EPDInternational | B29: Orona next essential lift, UC2 | C29: https://api.environdec.com/api/v1/EPDLibrary/Files/124ec9e9-be56-441a-695c-08d9b3ca1199/Data | D29: Spain | E29: A1-A3 | F29: tkm | G29: 41.2 | H29: 2026 | I29: - | J29: 254 | K29: =G29*J29 -> 10464.8 | L29: 4 | M29: 9.6 | N29: =K29/L29 -> 2616.2 | O29: =K29/M29 -> 1090.0833 | P29: RES
A30: EPDInternational | B30: REXIA/ZEXIA lift (UC4) | C30: https://api.environdec.com/api/v1/EPDLibrary/Files/1190336b-1453-4d39-a33b-08da713617ee/Data | D30: Europe | E30: A1-A3 | F30: tkm | G30: 8.76 | H30: 2027 | I30: 12304 | J30: 7049 | K30: =G30*J30 -> 61749.24 | L30: 9 | M30: 30.6 | N30: =K30/L30 -> 6861.0267 | O30: =K30/M30 -> 2017.949 | P30: COM/IND
A31: EPDInternational | B31: ELSIA lift (UC4) | C31: https://api.environdec.com/api/v1/EPDLibrary/Files/c3774fc1-6968-4daf-a33c-08da713617ee/Data | D31: Europe | E31: A1-A3 | F31: tkm | G31: 9.14 | H31: 2027 | I31: 46348 | J31: 28380 | K31: =G31*J31 -> 259393.2 | L31: 35 | M31: 168.3 | N31: =K31/L31 -> 7411.2343 | O31: =K31/M31 -> 1541.2549 | P31: COM/IND
A32: RAKENNUSTIETO | B32: KONE MonoSpace(R) 500 DX Elevator (UC3) | C32: https://www.kone.com/en/Images/KONE_MonoSpace_500_DX_EPD_22012714_tcm17-96160.pdf | D32: Finland | E32: A1-A3 | F32: tkm | G32: 11.232 | H32: 2025 | I32: 2872 | J32: 761 | K32: =G32*J32 -> 8547.552 | L32: 5 | M32: 12 | N32: =K32/L32 -> 1709.5104 | O32: =K32/M32 -> 712.296 | P32: RES
A33: RAKENNUSTIETO | B33: KONE MiniSpace™ DX (UC3) | C33: https://www.kone.com/en/Images/KONE_MiniSpace_EPD_22-03_tcm17-94409.pdf | D33: Finland | E33: A1-A3 | F33: tkm | G33: 10.095 | H33: 2025 | I33: 10031 | J33: 3924 | K33: =G33*J33 -> 39612.78 | L33: 21 | M33: 65 | N33: =K33/L33 -> 1886.3229 | O33: =K33/M33 -> 609.42738 | P33: RES
A34: RAKENNUSTIETO | B34: KONE MonoSpace® 700, KONE MonoSpace® 700 DX | C34: https://cer.rts.fi/wp-content/uploads/new_kone_monospace_700_epd_22012714.pdf | D34: Finland | E34: A1-A3 | F34: tkm | G34: 23.426 | H34: 2024 | I34: 6953 | J34: 773 | K34: =G34*J34 -> 18108.298 | L34: 5 | M34: 12 | N34: =K34/L34 -> 3621.6596 | O34: =K34/M34 -> 1509.0248 | P34: COM/IND
A35: RAKENNUSTIETO | B35: KONE Transys™, KONE Transys™ DX | C35: https://cer.rts.fi/wp-content/uploads/rts_43_19-kone_transys_epd_22-03.pdf | D35: Finland | E35: A1-A3 | F35: tkm | G35: 44.62 | H35: 2024 | I35: 8093 | J35: 550 | K35: =G35*J35 -> 24541 | L35: 3 | M35: 6 | N35: =K35/L35 -> 8180.3333 | O35: =K35/M35 -> 4090.1667 | P35: COM/IND

Sheet EU-HVAC
A1: HVAC SYSTEM
A2: ref. | B2: object | C2: components | D2: region | E2: building type | F2: modules | G2: unit | H2: kg CO2e/unit | K2: embodied carbon | L2: unit
A3: Dokka et al. (2013) | B3: HVAC installation | C3: ventilation air (0.4*60 years) | D3: Norway | E3: 4-storey office building | F3: A1-A3 | G3: m2 | H3: =0.4*60 -> 24 | J3: average | K3: =AVERAGE(H3:H31) -> 35.121724 | L3: kgCO2e/m2
A4: Ylmen et al. (2019) | B4: HVAC installation | C4: - | D4: Sweden | E4: office building | F4: A1-A3 | G4: m2 | H4: 38 | J4: stdev | K4: =STDEV(H3:H31) -> 17.176351 | L4: kgCO2e/m2
A5: Kiamili et al. (2020) | B5: HVAC installation | C5: air terminals, mechanical equipment, duct and pipes + accessories, insulation, fittings | D5: Switzerland | E5: office building | F5: A1-A3 | G5: m2 | H5: 80
A6: Garcia-Sanz-Calcedo et al. (2021) | B6: HVAC system | C6: air-cooled heat pumps with axial flow fans, water distribution, rooftop units, heat recovery and free-cooling systems, with inverter technology | D6: Spain | E6: healthcare centre | F6: A1-A3 | G6: m2 | H6: 48.95
A7: Medas (2018) | B7: building 1 - FCU | C7: air-cooled chiller, air handling units, condenser boiler, ducts and attenuators, fan coil units, linear diffusers, pipework | D7: UK | E7: commercial office, ICE | F7: A1-A3 | G7: m2 | H7: 19.61
B8: building 2 - VRF | C8: air handling units, ductwork. pipework, swirl air diffusers, VAV terminal unit, VRF indoor terminal unit and VRF rooftop condenser unit | D8: UK | E8: commercial office, ICE | F8: A1-A3 | G8: m2 | H8: 10.85
B9: building 3 - VRF | C9: air handling units, ductwork. pipework, VAV terminal unit, VRF indoor terminal unit and VRF rooftop condenser unit | D9: UK | E9: commercial office, ICE | F9: A1-A3 | G9: m2 | H9: 15.22
B10: building 4 - VAV | C10: air cooled centrifugal chiller, air handling units, attenuators, ductwork, pipework, VAV terminal units | D10: UK | E10: commercial office, ICE | F10: A1-A3 | G10: m2 | H10: 23.69
B11: building 1 - FCU | C11: air-cooled chiller, air handling units, condenser boiler, ducts and attenuators, fan coil units, linear diffusers, pipework | D11: UK | E11: commercial office, Ecoinvent | F11: A1-A3 | G11: m2 | H11: 16.8
B12: building 2 - VRF | C12: air handling units, ductwork. pipework, swirl air diffusers, VAV terminal unit, VRF indoor terminal unit and VRF rooftop condenser unit | D12: UK | E12: commercial office, Ecoinvent | F12: A1-A3 | G12: m2 | H12: 8.46
B13: building 3 - VRF | C13: air handling units, ductwork. pipework, VAV terminal unit, VRF indoor terminal unit and VRF rooftop condenser unit | D13: UK | E13: commercial office, Ecoinvent | F13: A1-A3 | G13: m2 | H13: 9.77
B14: building 4 - VAV | C14: air cooled centrifugal chiller, air handling units, attenuators, ductwork, pipework, VAV terminal units | D14: UK | E14: commercial office, Ecoinvent | F14: A1-A3 | G14: m2 | H14: 21.71
A15: CLF (2019) | B15: HVAC (excluding refrigerants) | C15: - | D15: US | E15: SB, 1, large | F15: A1-A3 | G15: m2 | H15: 35.6
A16: CLF (2019) | B16: HVAC (excluding refrigerants) | C16: - | D16: US | E16: SB, 2, large | F16: A1-A3 | G16: m2 | H16: 35.6
A17: CLF (2019) | B17: HVAC (excluding refrigerants) | C17: - | D17: US | E17: SB, 3, medium | F17: A1-A3 | G17: m2 | H17: 48.2
A18: CLF (2019) | B18: HVAC (excluding refrigerants) | C18: - | D18: US | E18: SB, 4, medium | F18: A1-A3 | G18: m2 | H18: 43.2
A19: CLF (2019) | B19: HVAC (excluding refrigerants) | C19: - | D19: US | E19: SB, 5, small | F19: A1-A3 | G19: m2 | H19: 27.8
A20: CLF (2019) | B20: HVAC (excluding refrigerants) | C20: - | D20: US | E20: SB, 6, small | F20: A1-A3 | G20: m2 | H20: 44
A21: CLF (2019) | B21: HVAC (excluding refrigerants) | C21: - | D21: US | E21: SB, 7, xsmall | F21: A1-A3 | G21: m2 | H21: 29.5
A22: CLF (2019) | B22: HVAC (excluding refrigerants) | C22: - | D22: US | E22: SB, 8, xsmall | F22: A1-A3 | G22: m2 | H22: 35.4
A23: CLF (2019) | B23: HVAC (excluding refrigerants) | C23: - | D23: US | E23: PB, 1, large | F23: A1-A3 | G23: m2 | H23: 60
A24: CLF (2019) | B24: HVAC (excluding refrigerants) | C24: - | D24: US | E24: PB, 2, large | F24: A1-A3 | G24: m2 | H24: 56.6
A25: CLF (2019) | B25: HVAC (excluding refrigerants) | C25: - | D25: US | E25: PB, 3, medium | F25: A1-A3 | G25: m2 | H25: 39.8
A26: CLF (2019) | B26: HVAC (excluding refrigerants) | C26: - | D26: US | E26: PB, 4, medium | F26: A1-A3 | G26: m2 | H26: 59.2
... A30: CLF (2019) | B30: HVAC (excluding refrigerants) | C30: - | D30: US | E30: PB, 8, xsmall | F30: A1-A3 | G30: m2 | H30: 46.4
A31: YM (2019) | B31: - | C31: Water supply, radiators, district heating substation, ventilation system | D31: Finland | E31: - | F31: A1-A3 | G31: m2 | H31: =2.7+6.67+0.53+6.97 -> 16.87

Sheet EU-Electrical system
A1: ELECTRICAL SYSTEM
A2: ref. | B2: object | C2: region | D2: building type | E2: modules | F2: unit | G2: kg CO2e/unit | J2: embodied carbon | K2: unit
A3: CLF (2019) | B3: electrical system | C3: US | D3: SB, 1, large | E3: A1-A3 | F3: m2 | G3: 7.1 | I3: average | J3: =AVERAGE(G3:G21) -> 9.9760303 | K3: kgCO2e/m2
A4: CLF (2019) | B4: electrical system | C4: US | D4: SB, 2, large | E4: A1-A3 | F4: m2 | G4: 7.1 | I4: stdev | J4: =STDEV(G3:G21) -> 4.702566 | K4: kgCO2e/m2
A5: CLF (2019) | B5: electrical system | C5: US | D5: SB, 3, medium | E5: A1-A3 | F5: m2 | G5: 11.7
A6: CLF (2019) | B6: electrical system | C6: US | D6: SB, 4, medium | E6: A1-A3 | F6: m2 | G6: 11.7
A7: CLF (2019) | B7: electrical system | C7: US | D7: SB, 5, small | E7: A1-A3 | F7: m2 | G7: 6.3
A8: CLF (2019) | B8: electrical system | C8: US | D8: SB, 6, small | E8: A1-A3 | F8: m2 | G8: 6.3
A9: CLF (2019) | B9: electrical system | C9: US | D9: SB, 7, xsmall | E9: A1-A3 | F9: m2 | G9: 4.6
A10: CLF (2019) | B10: electrical system | C10: US | D10: SB, 8, xsmall | E10: A1-A3 | F10: m2 | G10: 4.6
A11: CLF (2019) | B11: electrical system | C11: US | D11: PB, 1, large | E11: A1-A3 | F11: m2 | G11: 8.6
A12: CLF (2019) | B12: electrical system | C12: US | D12: PB, 2, large | E12: A1-A3 | F12: m2 | G12: 8.6
A13: CLF (2019) | B13: electrical system | C13: US | D13: PB, 3, medium | E13: A1-A3 | F13: m2 | G13: 8.8
A14: CLF (2019) | B14: electrical system | C14: US | D14: PB, 4, medium | E14: A1-A3 | F14: m2 | G14: 9
A15: CLF (2019) | B15: electrical system | C15: US | D15: PB, 5, small | E15: A1-A3 | F15: m2 | G15: 15.9
A16: CLF (2019) | B16: electrical system | C16: US | D16: PB, 6, small | E16: A1-A3 | F16: m2 | G16: 15.9
... A20: KBOB (2022) | B20: electrical system | C20: Switzerland | D20: offices | E20: A1-A3 | F20: m2 | G20: 22.7
A21: YM (2019) | B21: electrical system | C21: Finland | D21: offices | E21: A1-A3 | F21: m2 | G21: =5.28/1.18 -> 4.4745763

Sheet EU-Fire system
A1: FIRE SYSTEM
A2: ref. | B2: object | C2: region | D2: building type | E2: modules | F2: unit | G2: kg CO2e/unit | J2: embodied carbon | K2: unit
A3: Ylmen et al. (2019) | B3: sprinkler and fire safety | C3: Sweden | D3: office building | E3: A1-A3 | F3: m2 | G3: 6 | I3: average | J3: =AVERAGE(G3:G5) -> 4.9858757 | K3: kgCO2e/m2
A4: CO2DATA | B4: fire extinguishing system, sprinkler (for apartment building) | C4: Finland | D4: - | E4: A1-A3 | F4: m2 | G4: 4 | I4: stdev | J4: =STDEV(G3:G5) -> 1.0002992 | K4: kgCO2e/m2
A5: YM (2019) | B5: sprinkler system | C5: Finland | D5: - | E5: A1-A3 | F5: m2 | G5: =5.85/1.18 -> 4.9576271
